id,label
1,狗
2,狗
3,狗
4,狗
5,猫
6,猫
7,猫
8,猫
9,猫
10,猫
11,猫
12,狗
13,猫
14,猫
15,猫
16,猫
17,狗
18,狗
19,猫
20,猫
21,狗
22,猫
23,狗
24,狗
25,猫
26,狗
27,狗
28,猫
29,猫
30,狗
31,狗
32,狗
33,狗
34,猫
35,猫
36,猫
37,猫
38,猫
39,狗
40,猫
41,狗
42,狗
43,狗
44,狗
45,猫
46,狗
47,猫
48,狗
49,狗
50,猫
51,猫
52,猫
53,猫
54,猫
55,猫
56,狗
57,狗
58,猫
59,狗
60,猫
61,猫
62,狗
63,猫
64,猫
65,狗
66,狗
67,狗
68,猫
69,狗
70,狗
71,狗
72,狗
73,狗
74,狗
75,猫
76,狗
77,狗
78,狗
79,狗
80,猫
81,猫
82,猫
83,狗
84,猫
85,狗
86,狗
87,狗
88,狗
89,猫
90,猫
91,猫
92,猫
93,猫
94,狗
95,狗
96,猫
97,狗
98,狗
99,猫
100,猫
101,猫
102,狗
103,猫
104,猫
105,狗
106,狗
107,猫
108,猫
109,狗
110,狗
111,狗
112,狗
113,狗
114,猫
115,猫
116,猫
117,猫
118,狗
119,狗
120,猫
121,猫
122,猫
123,猫
124,猫
125,猫
126,狗
127,狗
128,猫
129,猫
130,狗
131,狗
132,狗
133,猫
134,猫
135,猫
136,猫
137,狗
138,狗
139,猫
140,猫
141,猫
142,狗
143,狗
144,猫
145,猫
146,狗
147,狗
148,猫
149,猫
150,猫
151,狗
152,猫
153,猫
154,猫
155,狗
156,猫
157,猫
158,狗
159,狗
160,狗
161,猫
162,猫
163,猫
164,狗
165,猫
166,猫
167,狗
168,猫
169,猫
170,猫
171,猫
172,狗
173,狗
174,猫
175,狗
176,狗
177,狗
178,狗
179,狗
180,猫
181,狗
182,狗
183,猫
184,猫
185,猫
186,猫
187,猫
188,猫
189,猫
190,狗
191,猫
192,猫
193,猫
194,猫
195,狗
196,狗
197,狗
198,猫
199,狗
200,狗
201,狗
202,猫
203,狗
204,狗
205,猫
206,猫
207,狗
208,猫
209,猫
210,猫
211,狗
212,狗
213,猫
214,狗
215,狗
216,狗
217,狗
218,猫
219,狗
220,狗
221,猫
222,狗
223,狗
224,猫
225,狗
226,狗
227,狗
228,猫
229,狗
230,猫
231,狗
232,猫
233,猫
234,猫
235,狗
236,狗
237,猫
238,狗
239,猫
240,狗
241,狗
242,狗
243,猫
244,狗
245,狗
246,猫
247,狗
248,猫
249,猫
250,狗
251,狗
252,猫
253,狗
254,猫
255,猫
256,猫
257,狗
258,狗
259,猫
260,猫
261,猫
262,狗
263,猫
264,猫
265,狗
266,猫
267,猫
268,猫
269,狗
270,狗
271,狗
272,猫
273,狗
274,猫
275,猫
276,狗
277,狗
278,猫
279,猫
280,狗
281,狗
282,狗
283,猫
284,狗
285,猫
286,狗
287,猫
288,猫
289,狗
290,猫
291,猫
292,狗
293,狗
294,猫
295,猫
296,狗
297,狗
298,狗
299,狗
300,猫
301,猫
302,猫
303,猫
304,猫
305,猫
306,狗
307,狗
308,猫
309,猫
310,猫
311,猫
312,猫
313,猫
314,猫
315,狗
316,猫
317,狗
318,猫
319,狗
320,猫
321,猫
322,狗
323,猫
324,猫
325,狗
326,狗
327,狗
328,狗
329,猫
330,猫
331,狗
332,狗
333,狗
334,猫
335,猫
336,猫
337,狗
338,猫
339,猫
340,猫
341,猫
342,猫
343,猫
344,猫
345,猫
346,狗
347,猫
348,狗
349,猫
350,狗
351,猫
352,狗
353,狗
354,狗
355,狗
356,狗
357,猫
358,狗
359,猫
360,猫
361,狗
362,猫
363,狗
364,猫
365,狗
366,狗
367,狗
368,狗
369,狗
370,狗
371,狗
372,猫
373,狗
374,猫
375,狗
376,猫
377,狗
378,猫
379,狗
380,狗
381,狗
382,猫
383,狗
384,狗
385,狗
386,猫
387,猫
388,猫
389,狗
390,猫
391,猫
392,狗
393,猫
394,狗
395,狗
396,猫
397,狗
398,猫
399,狗
400,狗
401,狗
402,猫
403,狗
404,猫
405,狗
406,狗
407,猫
408,猫
409,猫
410,猫
411,狗
412,狗
413,狗
414,猫
415,狗
416,猫
417,狗
418,狗
419,狗
420,狗
421,狗
422,狗
423,狗
424,狗
425,狗
426,猫
427,狗
428,猫
429,狗
430,狗
431,狗
432,猫
433,狗
434,狗
435,狗
436,猫
437,猫
438,狗
439,狗
440,狗
441,猫
442,猫
443,狗
444,猫
445,猫
446,狗
447,猫
448,猫
449,猫
450,狗
451,猫
452,狗
453,狗
454,猫
455,猫
456,猫
457,狗
458,猫
459,狗
460,狗
461,猫
462,猫
463,狗
464,猫
465,猫
466,狗
467,狗
468,猫
469,狗
470,狗
471,猫
472,狗
473,狗
474,狗
475,狗
476,猫
477,猫
478,猫
479,狗
480,狗
481,狗
482,狗
483,狗
484,猫
485,狗
486,狗
487,猫
488,猫
489,狗
490,狗
491,狗
492,猫
493,猫
494,猫
495,狗
496,狗
497,猫
498,狗
499,狗
500,猫
501,狗
502,猫
503,狗
504,猫
505,猫
506,猫
507,狗
508,狗
509,狗
510,狗
511,狗
512,猫
513,狗
514,猫
515,狗
516,狗
517,狗
518,狗
519,猫
520,猫
521,狗
522,猫
523,狗
524,猫
525,猫
526,猫
527,狗
528,狗
529,猫
530,猫
531,狗
532,猫
533,猫
534,狗
535,猫
536,狗
537,猫
538,猫
539,猫
540,狗
541,猫
542,狗
543,猫
544,猫
545,狗
546,猫
547,狗
548,狗
549,猫
550,猫
551,猫
552,狗
553,猫
554,猫
555,狗
556,猫
557,狗
558,狗
559,狗
560,狗
561,猫
562,猫
563,猫
564,猫
565,狗
566,猫
567,猫
568,狗
569,狗
570,猫
571,狗
572,猫
573,猫
574,狗
575,猫
576,猫
577,猫
578,猫
579,猫
580,猫
581,狗
582,狗
583,猫
584,猫
585,狗
586,猫
587,猫
588,猫
589,猫
590,狗
591,狗
592,猫
593,狗
594,狗
595,狗
596,猫
597,狗
598,猫
599,猫
600,猫
601,狗
602,猫
603,猫
604,猫
605,猫
606,猫
607,狗
608,狗
609,猫
610,狗
611,猫
612,狗
613,猫
614,猫
615,猫
616,狗
617,狗
618,猫
619,猫
620,狗
621,猫
622,猫
623,猫
624,猫
625,猫
626,狗
627,猫
628,猫
629,狗
630,狗
631,狗
632,狗
633,狗
634,猫
635,猫
636,狗
637,狗
638,猫
639,猫
640,猫
641,狗
642,猫
643,狗
644,狗
645,猫
646,猫
647,猫
648,猫
649,猫
650,狗
651,狗
652,狗
653,猫
654,狗
655,狗
656,狗
657,狗
658,狗
659,猫
660,猫
661,狗
662,猫
663,猫
664,猫
665,猫
666,猫
667,狗
668,狗
669,狗
670,狗
671,猫
672,猫
673,猫
674,猫
675,狗
676,狗
677,猫
678,狗
679,狗
680,猫
681,狗
682,猫
683,猫
684,狗
685,狗
686,狗
687,狗
688,狗
689,猫
690,猫
691,狗
692,猫
693,狗
694,狗
695,狗
696,猫
697,猫
698,猫
699,猫
700,狗
701,猫
702,猫
703,猫
704,猫
705,狗
706,狗
707,狗
708,狗
709,狗
710,狗
711,猫
712,狗
713,狗
714,猫
715,狗
716,猫
717,猫
718,狗
719,狗
720,猫
721,猫
722,猫
723,狗
724,狗
725,狗
726,猫
727,狗
728,猫
729,猫
730,狗
731,狗
732,狗
733,猫
734,猫
735,狗
736,狗
737,猫
738,狗
739,狗
740,猫
741,猫
742,狗
743,狗
744,狗
745,狗
746,狗
747,狗
748,猫
749,猫
750,狗
751,猫
752,狗
753,猫
754,猫
755,猫
756,猫
757,狗
758,猫
759,猫
760,狗
761,狗
762,猫
763,狗
764,猫
765,狗
766,狗
767,狗
768,狗
769,狗
770,狗
771,猫
772,猫
773,狗
774,猫
775,猫
776,猫
777,狗
778,猫
779,狗
780,狗
781,狗
782,猫
783,狗
784,狗
785,猫
786,狗
787,猫
788,猫
789,狗
790,狗
791,狗
792,狗
793,狗
794,狗
795,猫
796,猫
797,狗
798,狗
799,猫
800,狗
801,猫
802,猫
803,猫
804,猫
805,狗
806,狗
807,狗
808,狗
809,狗
810,狗
811,猫
812,狗
813,狗
814,狗
815,狗
816,狗
817,猫
818,狗
819,狗
820,猫
821,狗
822,猫
823,狗
824,猫
825,猫
826,狗
827,猫
828,狗
829,狗
830,猫
831,猫
832,狗
833,狗
834,狗
835,狗
836,猫
837,狗
838,猫
839,狗
840,猫
841,猫
842,狗
843,猫
844,狗
845,狗
846,狗
847,猫
848,狗
849,猫
850,猫
851,狗
852,猫
853,狗
854,狗
855,猫
856,猫
857,狗
858,狗
859,猫
860,猫
861,狗
862,狗
863,狗
864,狗
865,狗
866,狗
867,猫
868,猫
869,猫
870,狗
871,狗
872,猫
873,狗
874,狗
875,猫
876,狗
877,猫
878,狗
879,狗
880,猫
881,猫
882,狗
883,狗
884,狗
885,狗
886,猫
887,狗
888,猫
889,猫
890,狗
891,狗
892,狗
893,狗
894,猫
895,猫
896,猫
897,猫
898,猫
899,狗
900,狗
901,狗
902,猫
903,狗
904,狗
905,猫
906,猫
907,狗
908,狗
909,猫
910,猫
911,猫
912,狗
913,狗
914,猫
915,狗
916,狗
917,猫
918,狗
919,猫
920,猫
921,猫
922,狗
923,狗
924,猫
925,猫
926,猫
927,猫
928,猫
929,猫
930,狗
931,猫
932,猫
933,猫
934,狗
935,狗
936,猫
937,猫
938,猫
939,狗
940,狗
941,猫
942,猫
943,猫
944,狗
945,狗
946,狗
947,猫
948,猫
949,狗
950,狗
951,猫
952,猫
953,狗
954,猫
955,狗
956,狗
957,狗
958,狗
959,猫
960,狗
961,猫
962,狗
963,狗
964,猫
965,猫
966,狗
967,猫
968,狗
969,狗
970,狗
971,狗
972,狗
973,猫
974,狗
975,猫
976,猫
977,猫
978,猫
979,狗
980,狗
981,狗
982,狗
983,狗
984,狗
985,猫
986,猫
987,猫
988,猫
989,狗
990,猫
991,猫
992,狗
993,狗
994,猫
995,狗
996,猫
997,狗
998,狗
999,猫
1000,狗
1001,猫
1002,狗
1003,狗
1004,狗
1005,猫
1006,狗
1007,狗
1008,猫
1009,狗
1010,狗
1011,猫
1012,狗
1013,猫
1014,狗
1015,猫
1016,狗
1017,猫
1018,狗
1019,狗
1020,猫
1021,猫
1022,猫
1023,猫
1024,猫
1025,猫
1026,猫
1027,猫
1028,猫
1029,猫
1030,猫
1031,猫
1032,狗
1033,狗
1034,狗
1035,猫
1036,狗
1037,狗
1038,狗
1039,猫
1040,狗
1041,猫
1042,狗
1043,猫
1044,狗
1045,猫
1046,猫
1047,猫
1048,狗
1049,猫
1050,猫
1051,猫
1052,狗
1053,狗
1054,狗
1055,狗
1056,狗
1057,狗
1058,狗
1059,狗
1060,猫
1061,猫
1062,猫
1063,猫
1064,猫
1065,猫
1066,狗
1067,狗
1068,狗
1069,猫
1070,狗
1071,猫
1072,狗
1073,猫
1074,狗
1075,狗
1076,猫
1077,狗
1078,猫
1079,狗
1080,狗
1081,狗
1082,狗
1083,狗
1084,猫
1085,猫
1086,狗
1087,狗
1088,猫
1089,狗
1090,猫
1091,狗
1092,猫
1093,狗
1094,狗
1095,狗
1096,狗
1097,猫
1098,猫
1099,猫
1100,狗
1101,狗
1102,猫
1103,猫
1104,猫
1105,狗
1106,狗
1107,猫
1108,狗
1109,猫
1110,猫
1111,猫
1112,猫
1113,猫
1114,狗
1115,狗
1116,狗
1117,猫
1118,猫
1119,猫
1120,猫
1121,狗
1122,狗
1123,猫
1124,猫
1125,猫
1126,猫
1127,猫
1128,猫
1129,狗
1130,狗
1131,狗
1132,猫
1133,猫
1134,猫
1135,猫
1136,狗
1137,猫
1138,猫
1139,猫
1140,猫
1141,猫
1142,猫
1143,猫
1144,狗
1145,狗
1146,狗
1147,狗
1148,猫
1149,狗
1150,猫
1151,狗
1152,猫
1153,猫
1154,狗
1155,狗
1156,猫
1157,狗
1158,狗
1159,猫
1160,猫
1161,猫
1162,猫
1163,猫
1164,猫
1165,狗
1166,狗
1167,狗
1168,猫
1169,狗
1170,狗
1171,猫
1172,狗
1173,狗
1174,狗
1175,狗
1176,猫
1177,猫
1178,猫
1179,狗
1180,狗
1181,猫
1182,狗
1183,狗
1184,狗
1185,猫
1186,狗
1187,猫
1188,狗
1189,猫
1190,猫
1191,狗
1192,猫
1193,猫
1194,猫
1195,狗
1196,猫
1197,狗
1198,猫
1199,猫
1200,狗
1201,狗
1202,猫
1203,狗
1204,猫
1205,狗
1206,猫
1207,狗
1208,猫
1209,猫
1210,狗
1211,狗
1212,猫
1213,猫
1214,狗
1215,狗
1216,狗
1217,狗
1218,猫
1219,狗
1220,猫
1221,猫
1222,狗
1223,狗
1224,狗
1225,猫
1226,猫
1227,狗
1228,猫
1229,猫
1230,猫
1231,猫
1232,狗
1233,猫
1234,猫
1235,狗
1236,狗
1237,狗
1238,狗
1239,猫
1240,猫
1241,狗
1242,狗
1243,猫
1244,猫
1245,狗
1246,猫
1247,猫
1248,狗
1249,猫
1250,狗
1251,猫
1252,猫
1253,狗
1254,猫
1255,猫
1256,猫
1257,狗
1258,猫
1259,猫
1260,猫
1261,狗
1262,猫
1263,猫
1264,猫
1265,猫
1266,猫
1267,狗
1268,猫
1269,狗
1270,猫
1271,狗
1272,狗
1273,狗
1274,猫
1275,狗
1276,狗
1277,猫
1278,猫
1279,狗
1280,狗
1281,猫
1282,猫
1283,狗
1284,狗
1285,猫
1286,狗
1287,猫
1288,猫
1289,狗
1290,狗
1291,猫
1292,猫
1293,猫
1294,狗
1295,猫
1296,猫
1297,猫
1298,猫
1299,猫
1300,猫
1301,狗
1302,猫
1303,猫
1304,狗
1305,狗
1306,狗
1307,猫
1308,狗
1309,猫
1310,猫
1311,猫
1312,狗
1313,猫
1314,狗
1315,狗
1316,猫
1317,狗
1318,狗
1319,狗
1320,猫
1321,猫
1322,猫
1323,猫
1324,猫
1325,猫
1326,猫
1327,狗
1328,狗
1329,狗
1330,猫
1331,猫
1332,狗
1333,狗
1334,狗
1335,猫
1336,猫
1337,猫
1338,猫
1339,猫
1340,狗
1341,猫
1342,狗
1343,狗
1344,猫
1345,猫
1346,猫
1347,猫
1348,猫
1349,猫
1350,狗
1351,狗
1352,猫
1353,狗
1354,猫
1355,猫
1356,狗
1357,猫
1358,狗
1359,猫
1360,狗
1361,猫
1362,猫
1363,猫
1364,猫
1365,猫
1366,狗
1367,猫
1368,猫
1369,狗
1370,猫
1371,猫
1372,狗
1373,狗
1374,猫
1375,猫
1376,狗
1377,狗
1378,狗
1379,猫
1380,猫
1381,狗
1382,狗
1383,猫
1384,猫
1385,狗
1386,狗
1387,狗
1388,猫
1389,狗
1390,猫
1391,猫
1392,猫
1393,狗
1394,猫
1395,狗
1396,猫
1397,猫
1398,猫
1399,狗
1400,狗
1401,狗
1402,狗
1403,猫
1404,猫
1405,狗
1406,猫
1407,猫
1408,猫
1409,狗
1410,猫
1411,狗
1412,猫
1413,狗
1414,狗
1415,猫
1416,猫
1417,猫
1418,猫
1419,猫
1420,狗
1421,狗
1422,猫
1423,猫
1424,狗
1425,猫
1426,猫
1427,狗
1428,狗
1429,狗
1430,狗
1431,狗
1432,狗
1433,狗
1434,狗
1435,狗
1436,狗
1437,狗
1438,猫
1439,猫
1440,猫
1441,猫
1442,狗
1443,狗
1444,狗
1445,狗
1446,猫
1447,猫
1448,猫
1449,狗
1450,猫
1451,猫
1452,狗
1453,猫
1454,猫
1455,猫
1456,猫
1457,狗
1458,狗
1459,猫
1460,狗
1461,猫
1462,猫
1463,猫
1464,猫
1465,猫
1466,猫
1467,猫
1468,狗
1469,狗
1470,狗
1471,狗
1472,猫
1473,猫
1474,猫
1475,猫
1476,狗
1477,狗
1478,猫
1479,狗
1480,猫
1481,狗
1482,狗
1483,狗
1484,猫
1485,猫
1486,狗
1487,猫
1488,猫
1489,猫
1490,狗
1491,猫
1492,猫
1493,狗
1494,猫
1495,狗
1496,狗
1497,狗
1498,狗
1499,猫
1500,猫
1501,狗
1502,猫
1503,猫
1504,猫
1505,猫
1506,狗
1507,猫
1508,狗
1509,狗
1510,猫
1511,猫
1512,狗
1513,猫
1514,猫
1515,猫
1516,狗
1517,猫
1518,猫
1519,狗
1520,猫
1521,狗
1522,猫
1523,猫
1524,猫
1525,狗
1526,狗
1527,猫
1528,猫
1529,狗
1530,狗
1531,狗
1532,猫
1533,猫
1534,猫
1535,猫
1536,狗
1537,狗
1538,狗
1539,猫
1540,猫
1541,狗
1542,狗
1543,狗
1544,狗
1545,猫
1546,狗
1547,狗
1548,猫
1549,狗
1550,猫
1551,猫
1552,猫
1553,狗
1554,狗
1555,猫
1556,猫
1557,狗
1558,猫
1559,猫
1560,猫
1561,猫
1562,狗
1563,狗
1564,狗
1565,猫
1566,猫
1567,猫
1568,狗
1569,狗
1570,猫
1571,狗
1572,狗
1573,狗
1574,狗
1575,狗
1576,狗
1577,狗
1578,猫
1579,猫
1580,狗
1581,狗
1582,猫
1583,狗
1584,猫
1585,猫
1586,猫
1587,猫
1588,猫
1589,猫
1590,狗
1591,狗
1592,猫
1593,狗
1594,狗
1595,猫
1596,狗
1597,猫
1598,猫
1599,狗
1600,狗
1601,猫
1602,狗
1603,猫
1604,猫
1605,猫
1606,猫
1607,猫
1608,猫
1609,狗
1610,狗
1611,猫
1612,狗
1613,猫
1614,猫
1615,猫
1616,猫
1617,狗
1618,猫
1619,狗
1620,狗
1621,猫
1622,猫
1623,猫
1624,猫
1625,狗
1626,猫
1627,猫
1628,狗
1629,狗
1630,狗
1631,猫
1632,狗
1633,狗
1634,狗
1635,狗
1636,猫
1637,狗
1638,狗
1639,狗
1640,狗
1641,猫
1642,狗
1643,狗
1644,狗
1645,狗
1646,猫
1647,狗
1648,猫
1649,猫
1650,狗
1651,猫
1652,狗
1653,狗
1654,狗
1655,狗
1656,猫
1657,猫
1658,狗
1659,狗
1660,猫
1661,猫
1662,狗
1663,猫
1664,猫
1665,猫
1666,猫
1667,狗
1668,猫
1669,狗
1670,猫
1671,狗
1672,狗
1673,猫
1674,猫
1675,猫
1676,狗
1677,狗
1678,狗
1679,猫
1680,猫
1681,猫
1682,狗
1683,猫
1684,狗
1685,狗
1686,狗
1687,狗
1688,狗
1689,猫
1690,狗
1691,狗
1692,狗
1693,狗
1694,猫
1695,猫
1696,狗
1697,猫
1698,猫
1699,狗
1700,猫
1701,狗
1702,狗
1703,狗
1704,狗
1705,狗
1706,狗
1707,猫
1708,狗
1709,猫
1710,猫
1711,狗
1712,猫
1713,猫
1714,狗
1715,猫
1716,狗
1717,狗
1718,猫
1719,狗
1720,狗
1721,猫
1722,狗
1723,猫
1724,猫
1725,狗
1726,狗
1727,狗
1728,狗
1729,猫
1730,狗
1731,猫
1732,狗
1733,狗
1734,猫
1735,猫
1736,猫
1737,狗
1738,猫
1739,狗
1740,猫
1741,猫
1742,狗
1743,狗
1744,狗
1745,猫
1746,狗
1747,猫
1748,猫
1749,猫
1750,猫
1751,狗
1752,猫
1753,狗
1754,猫
1755,狗
1756,猫
1757,猫
1758,狗
1759,狗
1760,猫
1761,狗
1762,狗
1763,猫
1764,狗
1765,猫
1766,狗
1767,狗
1768,狗
1769,狗
1770,猫
1771,猫
1772,猫
1773,狗
1774,猫
1775,猫
1776,狗
1777,猫
1778,猫
1779,猫
1780,猫
1781,狗
1782,狗
1783,猫
1784,猫
1785,猫
1786,狗
1787,狗
1788,狗
1789,狗
1790,猫
1791,狗
1792,猫
1793,猫
1794,狗
1795,猫
1796,猫
1797,狗
1798,猫
1799,猫
1800,狗
1801,狗
1802,猫
1803,狗
1804,猫
1805,猫
1806,猫
1807,狗
1808,猫
1809,狗
1810,狗
1811,狗
1812,猫
1813,狗
1814,狗
1815,猫
1816,狗
1817,狗
1818,猫
1819,狗
1820,猫
1821,狗
1822,猫
1823,猫
1824,猫
1825,狗
1826,猫
1827,猫
1828,狗
1829,狗
1830,猫
1831,狗
1832,狗
1833,猫
1834,猫
1835,猫
1836,猫
1837,狗
1838,狗
1839,猫
1840,狗
1841,狗
1842,狗
1843,猫
1844,猫
1845,狗
1846,狗
1847,猫
1848,狗
1849,狗
1850,狗
1851,狗
1852,猫
1853,狗
1854,猫
1855,狗
1856,狗
1857,猫
1858,猫
1859,狗
1860,狗
1861,猫
1862,猫
1863,狗
1864,猫
1865,狗
1866,狗
1867,猫
1868,猫
1869,猫
1870,猫
1871,狗
1872,狗
1873,狗
1874,狗
1875,猫
1876,狗
1877,狗
1878,狗
1879,猫
1880,猫
1881,狗
1882,狗
1883,猫
1884,狗
1885,猫
1886,狗
1887,猫
1888,狗
1889,猫
1890,猫
1891,狗
1892,狗
1893,猫
1894,猫
1895,狗
1896,猫
1897,猫
1898,猫
1899,猫
1900,猫
1901,猫
1902,狗
1903,狗
1904,狗
1905,狗
1906,狗
1907,猫
1908,狗
1909,狗
1910,狗
1911,狗
1912,狗
1913,猫
1914,狗
1915,狗
1916,狗
1917,狗
1918,猫
1919,狗
1920,猫
1921,猫
1922,狗
1923,猫
1924,猫
1925,狗
1926,猫
1927,猫
1928,狗
1929,猫
1930,狗
1931,猫
1932,狗
1933,狗
1934,猫
1935,猫
1936,猫
1937,狗
1938,狗
1939,狗
1940,狗
1941,狗
1942,猫
1943,狗
1944,猫
1945,猫
1946,猫
1947,狗
1948,狗
1949,狗
1950,狗
1951,猫
1952,猫
1953,猫
1954,狗
1955,猫
1956,狗
1957,猫
1958,猫
1959,猫
1960,猫
1961,猫
1962,狗
1963,猫
1964,猫
1965,猫
1966,狗
1967,猫
1968,狗
1969,猫
1970,狗
1971,猫
1972,狗
1973,猫
1974,猫
1975,猫
1976,猫
1977,狗
1978,猫
1979,狗
1980,狗
1981,狗
1982,猫
1983,狗
1984,狗
1985,猫
1986,狗
1987,狗
1988,猫
1989,狗
1990,狗
1991,狗
1992,猫
1993,猫
1994,狗
1995,猫
1996,狗
1997,狗
1998,狗
1999,猫
2000,狗
2001,狗
2002,狗
2003,猫
2004,狗
2005,狗
2006,猫
2007,狗
2008,狗
2009,狗
2010,狗
2011,狗
2012,猫
2013,猫
2014,猫
2015,狗
2016,猫
2017,猫
2018,猫
2019,猫
2020,猫
2021,猫
2022,猫
2023,猫
2024,猫
2025,猫
2026,猫
2027,猫
2028,猫
2029,猫
2030,猫
2031,猫
2032,猫
2033,狗
2034,猫
2035,狗
2036,猫
2037,猫
2038,狗
2039,猫
2040,狗
2041,狗
2042,狗
2043,猫
2044,猫
2045,狗
2046,狗
2047,猫
2048,猫
2049,猫
2050,狗
2051,猫
2052,狗
2053,猫
2054,狗
2055,狗
2056,狗
2057,狗
2058,猫
2059,狗
2060,狗
2061,狗
2062,狗
2063,狗
2064,狗
2065,狗
2066,猫
2067,狗
2068,猫
2069,狗
2070,狗
2071,狗
2072,猫
2073,猫
2074,猫
2075,猫
2076,猫
2077,狗
2078,狗
2079,猫
2080,狗
2081,狗
2082,狗
2083,狗
2084,狗
2085,狗
2086,狗
2087,猫
2088,猫
2089,猫
2090,猫
2091,狗
2092,狗
2093,猫
2094,猫
2095,狗
2096,猫
2097,猫
2098,狗
2099,狗
2100,猫
2101,狗
2102,狗
2103,狗
2104,狗
2105,猫
2106,猫
2107,狗
2108,猫
2109,狗
2110,狗
2111,狗
2112,猫
2113,猫
2114,狗
2115,猫
2116,猫
2117,狗
2118,猫
2119,狗
2120,狗
2121,狗
2122,狗
2123,狗
2124,狗
2125,狗
2126,狗
2127,猫
2128,猫
2129,狗
2130,猫
2131,猫
2132,猫
2133,猫
2134,狗
2135,狗
2136,狗
2137,猫
2138,狗
2139,猫
2140,狗
2141,猫
2142,猫
2143,狗
2144,猫
2145,狗
2146,狗
2147,猫
2148,猫
2149,猫
2150,猫
2151,猫
2152,猫
2153,猫
2154,狗
2155,狗
2156,猫
2157,狗
2158,狗
2159,狗
2160,狗
2161,猫
2162,猫
2163,狗
2164,猫
2165,猫
2166,猫
2167,猫
2168,猫
2169,猫
2170,猫
2171,狗
2172,猫
2173,狗
2174,狗
2175,狗
2176,狗
2177,狗
2178,狗
2179,狗
2180,狗
2181,猫
2182,狗
2183,猫
2184,狗
2185,狗
2186,狗
2187,猫
2188,猫
2189,狗
2190,猫
2191,猫
2192,狗
2193,狗
2194,狗
2195,猫
2196,狗
2197,狗
2198,狗
2199,狗
2200,猫
2201,狗
2202,狗
2203,猫
2204,狗
2205,猫
2206,猫
2207,猫
2208,猫
2209,狗
2210,狗
2211,狗
2212,狗
2213,猫
2214,狗
2215,狗
2216,狗
2217,狗
2218,猫
2219,猫
2220,狗
2221,狗
2222,狗
2223,狗
2224,猫
2225,猫
2226,狗
2227,猫
2228,狗
2229,狗
2230,狗
2231,猫
2232,狗
2233,猫
2234,狗
2235,猫
2236,猫
2237,猫
2238,狗
2239,猫
2240,狗
2241,狗
2242,猫
2243,猫
2244,狗
2245,猫
2246,狗
2247,猫
2248,猫
2249,狗
2250,狗
2251,猫
2252,猫
2253,狗
2254,狗
2255,狗
2256,猫
2257,猫
2258,狗
2259,狗
2260,狗
2261,狗
2262,猫
2263,狗
2264,猫
2265,猫
2266,猫
2267,狗
2268,猫
2269,猫
2270,猫
2271,狗
2272,狗
2273,猫
2274,猫
2275,狗
2276,狗
2277,猫
2278,猫
2279,猫
2280,狗
2281,狗
2282,猫
2283,猫
2284,狗
2285,狗
2286,狗
2287,猫
2288,猫
2289,猫
2290,猫
2291,狗
2292,猫
2293,猫
2294,狗
2295,狗
2296,猫
2297,狗
2298,猫
2299,猫
2300,狗
2301,狗
2302,猫
2303,猫
2304,狗
2305,狗
2306,狗
2307,猫
2308,狗
2309,猫
2310,狗
2311,狗
2312,猫
2313,狗
2314,猫
2315,狗
2316,狗
2317,猫
2318,猫
2319,狗
2320,狗
2321,猫
2322,狗
2323,猫
2324,狗
2325,狗
2326,猫
2327,狗
2328,猫
2329,猫
2330,猫
2331,猫
2332,猫
2333,狗
2334,狗
2335,猫
2336,狗
2337,猫
2338,猫
2339,狗
2340,狗
2341,猫
2342,狗
2343,猫
2344,猫
2345,狗
2346,猫
2347,猫
2348,猫
2349,猫
2350,狗
2351,狗
2352,猫
2353,猫
2354,猫
2355,狗
2356,猫
2357,狗
2358,狗
2359,狗
2360,猫
2361,猫
2362,狗
2363,猫
2364,猫
2365,狗
2366,狗
2367,猫
2368,狗
2369,猫
2370,猫
2371,猫
2372,狗
2373,狗
2374,狗
2375,猫
2376,狗
2377,猫
2378,狗
2379,猫
2380,猫
2381,狗
2382,猫
2383,狗
2384,狗
2385,狗
2386,狗
2387,猫
2388,狗
2389,狗
2390,猫
2391,狗
2392,猫
2393,狗
2394,猫
2395,猫
2396,猫
2397,猫
2398,狗
2399,猫
2400,狗
2401,猫
2402,狗
2403,狗
2404,狗
2405,猫
2406,狗
2407,猫
2408,猫
2409,狗
2410,猫
2411,猫
2412,狗
2413,猫
2414,猫
2415,猫
2416,狗
2417,猫
2418,猫
2419,猫
2420,狗
2421,猫
2422,狗
2423,猫
2424,猫
2425,猫
2426,猫
2427,猫
2428,狗
2429,猫
2430,狗
2431,狗
2432,狗
2433,狗
2434,猫
2435,猫
2436,猫
2437,狗
2438,狗
2439,猫
2440,猫
2441,猫
2442,狗
2443,猫
2444,狗
2445,狗
2446,猫
2447,狗
2448,狗
2449,猫
2450,狗
2451,狗
2452,狗
2453,猫
2454,猫
2455,猫
2456,狗
2457,狗
2458,猫
2459,狗
2460,猫
2461,猫
2462,狗
2463,猫
2464,狗
2465,狗
2466,狗
2467,狗
2468,狗
2469,狗
2470,狗
2471,狗
2472,狗
2473,猫
2474,狗
2475,猫
2476,狗
2477,猫
2478,狗
2479,猫
2480,猫
2481,狗
2482,狗
2483,狗
2484,狗
2485,猫
2486,猫
2487,狗
2488,猫
2489,狗
2490,狗
2491,狗
2492,猫
2493,猫
2494,狗
2495,猫
2496,猫
2497,猫
2498,狗
2499,猫
2500,猫
2501,猫
2502,猫
2503,猫
2504,狗
2505,狗
2506,狗
2507,狗
2508,猫
2509,狗
2510,狗
2511,狗
2512,猫
2513,猫
2514,狗
2515,狗
2516,猫
2517,猫
2518,狗
2519,猫
2520,狗
2521,狗
2522,猫
2523,狗
2524,猫
2525,狗
2526,猫
2527,狗
2528,猫
2529,狗
2530,猫
2531,猫
2532,狗
2533,狗
2534,猫
2535,猫
2536,猫
2537,狗
2538,猫
2539,狗
2540,猫
2541,狗
2542,猫
2543,狗
2544,狗
2545,猫
2546,狗
2547,狗
2548,猫
2549,猫
2550,猫
2551,猫
2552,狗
2553,猫
2554,猫
2555,狗
2556,狗
2557,猫
2558,猫
2559,狗
2560,狗
2561,狗
2562,狗
2563,猫
2564,猫
2565,猫
2566,狗
2567,猫
2568,狗
2569,狗
2570,狗
2571,猫
2572,猫
2573,狗
2574,猫
2575,狗
2576,猫
2577,狗
2578,猫
2579,狗
2580,猫
2581,狗
2582,狗
2583,狗
2584,猫
2585,猫
2586,猫
2587,猫
2588,猫
2589,狗
2590,狗
2591,猫
2592,猫
2593,猫
2594,狗
2595,猫
2596,猫
2597,猫
2598,狗
2599,狗
2600,狗
2601,狗
2602,狗
2603,猫
2604,猫
2605,狗
2606,狗
2607,猫
2608,猫
2609,狗
2610,猫
2611,猫
2612,狗
2613,狗
2614,狗
2615,猫
2616,狗
2617,狗
2618,猫
2619,猫
2620,猫
2621,猫
2622,猫
2623,猫
2624,狗
2625,猫
2626,狗
2627,狗
2628,狗
2629,狗
2630,猫
2631,猫
2632,猫
2633,猫
2634,狗
2635,狗
2636,猫
2637,猫
2638,狗
2639,猫
2640,猫
2641,狗
2642,狗
2643,狗
2644,狗
2645,狗
2646,猫
2647,猫
2648,狗
2649,猫
2650,猫
2651,狗
2652,猫
2653,猫
2654,狗
2655,猫
2656,狗
2657,猫
2658,猫
2659,狗
2660,猫
2661,狗
2662,猫
2663,狗
2664,狗
2665,猫
2666,猫
2667,猫
2668,猫
2669,猫
2670,猫
2671,狗
2672,猫
2673,狗
2674,猫
2675,猫
2676,猫
2677,狗
2678,狗
2679,狗
2680,狗
2681,猫
2682,狗
2683,狗
2684,狗
2685,猫
2686,猫
2687,猫
2688,猫
2689,狗
2690,猫
2691,狗
2692,狗
2693,猫
2694,猫
2695,狗
2696,猫
2697,狗
2698,猫
2699,猫
2700,狗
2701,猫
2702,狗
2703,猫
2704,狗
2705,猫
2706,猫
2707,猫
2708,猫
2709,狗
2710,狗
2711,猫
2712,狗
2713,猫
2714,狗
2715,猫
2716,狗
2717,狗
2718,狗
2719,狗
2720,狗
2721,狗
2722,狗
2723,猫
2724,狗
2725,猫
2726,猫
2727,狗
2728,猫
2729,猫
2730,狗
2731,猫
2732,狗
2733,猫
2734,猫
2735,猫
2736,猫
2737,狗
2738,狗
2739,狗
2740,狗
2741,猫
2742,猫
2743,狗
2744,狗
2745,狗
2746,猫
2747,猫
2748,狗
2749,猫
2750,猫
2751,狗
2752,狗
2753,猫
2754,猫
2755,狗
2756,狗
2757,狗
2758,猫
2759,狗
2760,猫
2761,狗
2762,猫
2763,狗
2764,猫
2765,猫
2766,狗
2767,狗
2768,狗
2769,猫
2770,狗
2771,狗
2772,狗
2773,猫
2774,狗
2775,狗
2776,狗
2777,狗
2778,狗
2779,猫
2780,猫
2781,猫
2782,猫
2783,猫
2784,猫
2785,猫
2786,狗
2787,狗
2788,狗
2789,狗
2790,猫
2791,狗
2792,狗
2793,猫
2794,猫
2795,狗
2796,狗
2797,猫
2798,狗
2799,猫
2800,狗
2801,狗
2802,狗
2803,猫
2804,狗
2805,猫
2806,狗
2807,猫
2808,猫
2809,猫
2810,猫
2811,猫
2812,猫
2813,狗
2814,猫
2815,猫
2816,猫
2817,猫
2818,猫
2819,猫
2820,狗
2821,猫
2822,狗
2823,猫
2824,狗
2825,猫
2826,狗
2827,狗
2828,猫
2829,狗
2830,狗
2831,猫
2832,狗
2833,狗
2834,狗
2835,狗
2836,猫
2837,猫
2838,猫
2839,猫
2840,猫
2841,猫
2842,狗
2843,狗
2844,狗
2845,狗
2846,狗
2847,狗
2848,猫
2849,猫
2850,猫
2851,猫
2852,猫
2853,猫
2854,猫
2855,狗
2856,狗
2857,猫
2858,猫
2859,猫
2860,狗
2861,狗
2862,狗
2863,猫
2864,狗
2865,猫
2866,猫
2867,狗
2868,狗
2869,猫
2870,狗
2871,狗
2872,猫
2873,猫
2874,猫
2875,狗
2876,狗
2877,狗
2878,狗
2879,狗
2880,猫
2881,狗
2882,狗
2883,猫
2884,狗
2885,狗
2886,猫
2887,猫
2888,猫
2889,狗
2890,猫
2891,狗
2892,狗
2893,猫
2894,狗
2895,狗
2896,猫
2897,猫
2898,猫
2899,狗
2900,狗
2901,猫
2902,猫
2903,猫
2904,狗
2905,狗
2906,猫
2907,狗
2908,猫
2909,猫
2910,狗
2911,狗
2912,狗
2913,狗
2914,猫
2915,猫
2916,狗
2917,猫
2918,猫
2919,狗
2920,猫
2921,猫
2922,猫
2923,狗
2924,狗
2925,狗
2926,狗
2927,狗
2928,狗
2929,猫
2930,猫
2931,狗
2932,猫
2933,猫
2934,猫
2935,猫
2936,狗
2937,猫
2938,猫
2939,狗
2940,狗
2941,猫
2942,猫
2943,猫
2944,猫
2945,狗
2946,狗
2947,猫
2948,狗
2949,狗
2950,狗
2951,狗
2952,狗
2953,猫
2954,猫
2955,猫
2956,狗
2957,猫
2958,狗
2959,猫
2960,猫
2961,狗
2962,猫
2963,猫
2964,狗
2965,猫
2966,猫
2967,猫
2968,猫
2969,狗
2970,猫
2971,狗
2972,狗
2973,猫
2974,狗
2975,狗
2976,猫
2977,猫
2978,猫
2979,猫
2980,猫
2981,狗
2982,狗
2983,猫
2984,狗
2985,猫
2986,猫
2987,猫
2988,狗
2989,猫
2990,狗
2991,猫
2992,狗
2993,猫
2994,猫
2995,猫
2996,狗
2997,猫
2998,狗
2999,猫
3000,狗
3001,狗
3002,狗
3003,猫
3004,猫
3005,猫
3006,狗
3007,狗
3008,猫
3009,狗
3010,猫
3011,狗
3012,猫
3013,猫
3014,猫
3015,猫
3016,狗
3017,猫
3018,狗
3019,狗
3020,狗
3021,狗
3022,猫
3023,猫
3024,狗
3025,猫
3026,猫
3027,猫
3028,狗
3029,狗
3030,猫
3031,猫
3032,狗
3033,猫
3034,猫
3035,猫
3036,猫
3037,狗
3038,狗
3039,狗
3040,猫
3041,狗
3042,猫
3043,狗
3044,狗
3045,狗
3046,猫
3047,猫
3048,猫
3049,猫
3050,狗
3051,狗
3052,狗
3053,猫
3054,猫
3055,猫
3056,猫
3057,狗
3058,猫
3059,狗
3060,狗
3061,狗
3062,狗
3063,猫
3064,狗
3065,狗
3066,狗
3067,猫
3068,狗
3069,狗
3070,狗
3071,猫
3072,狗
3073,狗
3074,狗
3075,狗
3076,狗
3077,猫
3078,狗
3079,猫
3080,猫
3081,猫
3082,狗
3083,狗
3084,猫
3085,狗
3086,狗
3087,猫
3088,猫
3089,狗
3090,猫
3091,猫
3092,狗
3093,猫
3094,狗
3095,狗
3096,狗
3097,猫
3098,猫
3099,狗
3100,猫
3101,狗
3102,狗
3103,狗
3104,猫
3105,狗
3106,猫
3107,猫
3108,猫
3109,狗
3110,狗
3111,猫
3112,狗
3113,猫
3114,狗
3115,狗
3116,狗
3117,狗
3118,猫
3119,狗
3120,狗
3121,猫
3122,猫
3123,猫
3124,狗
3125,狗
3126,猫
3127,猫
3128,狗
3129,狗
3130,猫
3131,猫
3132,猫
3133,狗
3134,狗
3135,猫
3136,狗
3137,狗
3138,狗
3139,狗
3140,狗
3141,狗
3142,猫
3143,狗
3144,猫
3145,狗
3146,猫
3147,狗
3148,狗
3149,狗
3150,狗
3151,狗
3152,狗
3153,猫
3154,猫
3155,狗
3156,狗
3157,狗
3158,猫
3159,狗
3160,狗
3161,猫
3162,狗
3163,猫
3164,猫
3165,猫
3166,狗
3167,猫
3168,猫
3169,猫
3170,狗
3171,猫
3172,猫
3173,猫
3174,猫
3175,猫
3176,狗
3177,猫
3178,狗
3179,猫
3180,猫
3181,狗
3182,狗
3183,猫
3184,狗
3185,猫
3186,猫
3187,狗
3188,猫
3189,狗
3190,猫
3191,猫
3192,狗
3193,猫
3194,猫
3195,狗
3196,狗
3197,猫
3198,狗
3199,猫
3200,狗
3201,狗
3202,猫
3203,狗
3204,狗
3205,猫
3206,狗
3207,猫
3208,猫
3209,狗
3210,狗
3211,猫
3212,狗
3213,猫
3214,猫
3215,狗
3216,狗
3217,狗
3218,猫
3219,猫
3220,猫
3221,猫
3222,狗
3223,狗
3224,狗
3225,猫
3226,狗
3227,猫
3228,猫
3229,狗
3230,猫
3231,猫
3232,猫
3233,猫
3234,猫
3235,狗
3236,猫
3237,狗
3238,狗
3239,狗
3240,狗
3241,狗
3242,猫
3243,狗
3244,狗
3245,狗
3246,猫
3247,狗
3248,狗
3249,猫
3250,猫
3251,猫
3252,狗
3253,狗
3254,狗
3255,猫
3256,猫
3257,猫
3258,狗
3259,猫
3260,狗
3261,狗
3262,狗
3263,猫
3264,狗
3265,猫
3266,猫
3267,猫
3268,猫
3269,狗
3270,猫
3271,猫
3272,狗
3273,狗
3274,狗
3275,猫
3276,狗
3277,狗
3278,猫
3279,狗
3280,猫
3281,猫
3282,猫
3283,猫
3284,狗
3285,猫
3286,猫
3287,狗
3288,狗
3289,猫
3290,猫
3291,狗
3292,狗
3293,狗
3294,狗
3295,猫
3296,猫
3297,猫
3298,狗
3299,猫
3300,猫
3301,狗
3302,狗
3303,狗
3304,狗
3305,猫
3306,猫
3307,猫
3308,狗
3309,狗
3310,狗
3311,猫
3312,狗
3313,猫
3314,狗
3315,狗
3316,猫
3317,狗
3318,猫
3319,猫
3320,猫
3321,狗
3322,猫
3323,狗
3324,猫
3325,狗
3326,猫
3327,狗
3328,狗
3329,狗
3330,猫
3331,狗
3332,猫
3333,猫
3334,狗
3335,猫
3336,狗
3337,狗
3338,狗
3339,狗
3340,狗
3341,猫
3342,猫
3343,猫
3344,狗
3345,狗
3346,狗
3347,猫
3348,猫
3349,猫
3350,猫
3351,狗
3352,猫
3353,猫
3354,狗
3355,狗
3356,狗
3357,狗
3358,狗
3359,狗
3360,猫
3361,狗
3362,狗
3363,狗
3364,狗
3365,狗
3366,狗
3367,狗
3368,猫
3369,猫
3370,猫
3371,猫
3372,狗
3373,狗
3374,狗
3375,狗
3376,猫
3377,猫
3378,狗
3379,猫
3380,狗
3381,猫
3382,猫
3383,狗
3384,狗
3385,狗
3386,猫
3387,猫
3388,猫
3389,猫
3390,猫
3391,狗
3392,猫
3393,猫
3394,猫
3395,狗
3396,狗
3397,猫
3398,猫
3399,狗
3400,狗
3401,狗
3402,猫
3403,猫
3404,猫
3405,猫
3406,猫
3407,狗
3408,狗
3409,狗
3410,狗
3411,猫
3412,狗
3413,狗
3414,狗
3415,猫
3416,狗
3417,狗
3418,猫
3419,狗
3420,狗
3421,狗
3422,狗
3423,猫
3424,狗
3425,狗
3426,狗
3427,狗
3428,猫
3429,猫
3430,狗
3431,猫
3432,狗
3433,狗
3434,狗
3435,狗
3436,狗
3437,狗
3438,猫
3439,猫
3440,猫
3441,狗
3442,狗
3443,猫
3444,猫
3445,狗
3446,狗
3447,猫
3448,猫
3449,猫
3450,猫
3451,猫
3452,狗
3453,猫
3454,狗
3455,狗
3456,猫
3457,猫
3458,猫
3459,狗
3460,猫
3461,猫
3462,猫
3463,猫
3464,狗
3465,猫
3466,猫
3467,狗
3468,狗
3469,狗
3470,狗
3471,狗
3472,猫
3473,猫
3474,猫
3475,猫
3476,猫
3477,猫
3478,狗
3479,狗
3480,猫
3481,猫
3482,狗
3483,猫
3484,狗
3485,狗
3486,狗
3487,猫
3488,狗
3489,猫
3490,狗
3491,狗
3492,猫
3493,猫
3494,狗
3495,狗
3496,猫
3497,狗
3498,猫
3499,猫
3500,狗
3501,猫
3502,猫
3503,猫
3504,狗
3505,狗
3506,狗
3507,狗
3508,狗
3509,狗
3510,猫
3511,狗
3512,狗
3513,猫
3514,猫
3515,狗
3516,猫
3517,猫
3518,猫
3519,狗
3520,狗
3521,狗
3522,狗
3523,狗
3524,狗
3525,猫
3526,狗
3527,狗
3528,狗
3529,狗
3530,狗
3531,猫
3532,狗
3533,猫
3534,猫
3535,狗
3536,狗
3537,猫
3538,狗
3539,狗
3540,猫
3541,猫
3542,狗
3543,猫
3544,狗
3545,猫
3546,狗
3547,猫
3548,猫
3549,猫
3550,狗
3551,猫
3552,狗
3553,猫
3554,狗
3555,猫
3556,猫
3557,狗
3558,狗
3559,猫
3560,猫
3561,猫
3562,狗
3563,狗
3564,猫
3565,猫
3566,猫
3567,狗
3568,狗
3569,狗
3570,狗
3571,狗
3572,狗
3573,猫
3574,狗
3575,猫
3576,猫
3577,猫
3578,猫
3579,猫
3580,狗
3581,猫
3582,狗
3583,猫
3584,猫
3585,狗
3586,猫
3587,狗
3588,狗
3589,猫
3590,猫
3591,猫
3592,狗
3593,狗
3594,猫
3595,狗
3596,狗
3597,猫
3598,猫
3599,猫
3600,狗
3601,狗
3602,猫
3603,猫
3604,猫
3605,猫
3606,狗
3607,猫
3608,狗
3609,猫
3610,狗
3611,猫
3612,猫
3613,狗
3614,猫
3615,狗
3616,猫
3617,猫
3618,猫
3619,猫
3620,猫
3621,狗
3622,猫
3623,狗
3624,猫
3625,狗
3626,狗
3627,狗
3628,猫
3629,猫
3630,狗
3631,狗
3632,狗
3633,狗
3634,狗
3635,猫
3636,猫
3637,狗
3638,猫
3639,猫
3640,猫
3641,狗
3642,狗
3643,猫
3644,猫
3645,狗
3646,狗
3647,猫
3648,狗
3649,猫
3650,狗
3651,猫
3652,猫
3653,狗
3654,猫
3655,狗
3656,猫
3657,猫
3658,狗
3659,狗
3660,猫
3661,狗
3662,猫
3663,猫
3664,狗
3665,猫
3666,猫
3667,猫
3668,猫
3669,狗
3670,猫
3671,猫
3672,猫
3673,猫
3674,狗
3675,狗
3676,狗
3677,狗
3678,猫
3679,猫
3680,狗
3681,猫
3682,狗
3683,猫
3684,猫
3685,猫
3686,猫
3687,猫
3688,狗
3689,猫
3690,狗
3691,猫
3692,猫
3693,狗
3694,猫
3695,猫
3696,猫
3697,狗
3698,猫
3699,猫
3700,猫
3701,狗
3702,猫
3703,猫
3704,猫
3705,猫
3706,狗
3707,狗
3708,狗
3709,猫
3710,狗
3711,猫
3712,猫
3713,狗
3714,猫
3715,狗
3716,狗
3717,狗
3718,狗
3719,狗
3720,猫
3721,猫
3722,狗
3723,猫
3724,猫
3725,猫
3726,猫
3727,猫
3728,猫
3729,猫
3730,猫
3731,猫
3732,猫
3733,猫
3734,狗
3735,狗
3736,狗
3737,猫
3738,猫
3739,狗
3740,猫
3741,狗
3742,狗
3743,猫
3744,狗
3745,猫
3746,猫
3747,猫
3748,猫
3749,狗
3750,狗
3751,狗
3752,狗
3753,猫
3754,狗
3755,狗
3756,狗
3757,狗
3758,狗
3759,猫
3760,猫
3761,狗
3762,猫
3763,猫
3764,猫
3765,狗
3766,猫
3767,猫
3768,狗
3769,猫
3770,狗
3771,狗
3772,狗
3773,猫
3774,狗
3775,狗
3776,猫
3777,猫
3778,狗
3779,猫
3780,狗
3781,猫
3782,猫
3783,狗
3784,狗
3785,狗
3786,猫
3787,狗
3788,狗
3789,狗
3790,猫
3791,猫
3792,狗
3793,狗
3794,狗
3795,狗
3796,猫
3797,狗
3798,猫
3799,狗
3800,狗
3801,狗
3802,狗
3803,狗
3804,猫
3805,狗
3806,狗
3807,狗
3808,狗
3809,狗
3810,狗
3811,狗
3812,狗
3813,狗
3814,狗
3815,猫
3816,狗
3817,狗
3818,狗
3819,狗
3820,狗
3821,猫
3822,猫
3823,狗
3824,猫
3825,猫
3826,狗
3827,狗
3828,狗
3829,狗
3830,猫
3831,猫
3832,猫
3833,狗
3834,猫
3835,猫
3836,狗
3837,猫
3838,狗
3839,猫
3840,猫
3841,猫
3842,猫
3843,猫
3844,狗
3845,猫
3846,猫
3847,猫
3848,狗
3849,狗
3850,猫
3851,猫
3852,猫
3853,猫
3854,猫
3855,狗
3856,猫
3857,猫
3858,狗
3859,猫
3860,狗
3861,猫
3862,狗
3863,猫
3864,猫
3865,猫
3866,猫
3867,狗
3868,猫
3869,猫
3870,猫
3871,猫
3872,猫
3873,猫
3874,狗
3875,狗
3876,猫
3877,狗
3878,猫
3879,猫
3880,猫
3881,猫
3882,狗
3883,猫
3884,狗
3885,猫
3886,猫
3887,猫
3888,猫
3889,猫
3890,猫
3891,狗
3892,猫
3893,狗
3894,狗
3895,猫
3896,狗
3897,狗
3898,猫
3899,狗
3900,猫
3901,猫
3902,猫
3903,猫
3904,狗
3905,狗
3906,猫
3907,狗
3908,狗
3909,狗
3910,狗
3911,猫
3912,猫
3913,狗
3914,狗
3915,狗
3916,猫
3917,狗
3918,狗
3919,狗
3920,猫
3921,狗
3922,狗
3923,狗
3924,狗
3925,狗
3926,狗
3927,狗
3928,狗
3929,狗
3930,猫
3931,狗
3932,猫
3933,狗
3934,猫
3935,猫
3936,猫
3937,狗
3938,猫
3939,狗
3940,狗
3941,狗
3942,狗
3943,狗
3944,猫
3945,狗
3946,狗
3947,狗
3948,狗
3949,狗
3950,狗
3951,猫
3952,狗
3953,猫
3954,狗
3955,狗
3956,狗
3957,猫
3958,猫
3959,猫
3960,狗
3961,狗
3962,狗
3963,猫
3964,猫
3965,狗
3966,狗
3967,狗
3968,狗
3969,狗
3970,狗
3971,猫
3972,狗
3973,狗
3974,狗
3975,猫
3976,猫
3977,猫
3978,猫
3979,狗
3980,猫
3981,狗
3982,猫
3983,猫
3984,狗
3985,狗
3986,狗
3987,猫
3988,狗
3989,狗
3990,狗
3991,猫
3992,猫
3993,猫
3994,猫
3995,猫
3996,狗
3997,狗
3998,狗
3999,狗
4000,猫
4001,狗
4002,猫
4003,猫
4004,猫
4005,猫
4006,狗
4007,猫
4008,猫
4009,狗
4010,猫
4011,猫
4012,猫
4013,猫
4014,猫
4015,猫
4016,猫
4017,猫
4018,猫
4019,猫
4020,猫
4021,狗
4022,猫
4023,狗
4024,狗
4025,狗
4026,狗
4027,狗
4028,猫
4029,猫
4030,猫
4031,狗
4032,狗
4033,狗
4034,猫
4035,猫
4036,狗
4037,猫
4038,猫
4039,猫
4040,狗
4041,狗
4042,狗
4043,狗
4044,狗
4045,猫
4046,猫
4047,猫
4048,猫
4049,狗
4050,狗
4051,猫
4052,猫
4053,狗
4054,狗
4055,狗
4056,猫
4057,狗
4058,猫
4059,猫
4060,猫
4061,猫
4062,狗
4063,狗
4064,猫
4065,猫
4066,猫
4067,狗
4068,猫
4069,狗
4070,猫
4071,狗
4072,狗
4073,狗
4074,猫
4075,猫
4076,猫
4077,狗
4078,猫
4079,猫
4080,狗
4081,猫
4082,狗
4083,狗
4084,猫
4085,猫
4086,狗
4087,猫
4088,猫
4089,狗
4090,狗
4091,狗
4092,狗
4093,猫
4094,猫
4095,狗
4096,猫
4097,猫
4098,猫
4099,狗
4100,猫
4101,猫
4102,狗
4103,狗
4104,狗
4105,猫
4106,猫
4107,狗
4108,狗
4109,猫
4110,狗
4111,猫
4112,猫
4113,狗
4114,猫
4115,猫
4116,狗
4117,猫
4118,猫
4119,猫
4120,猫
4121,狗
4122,狗
4123,猫
4124,猫
4125,狗
4126,狗
4127,猫
4128,猫
4129,猫
4130,狗
4131,狗
4132,狗
4133,猫
4134,猫
4135,狗
4136,狗
4137,猫
4138,狗
4139,猫
4140,猫
4141,狗
4142,狗
4143,狗
4144,狗
4145,狗
4146,猫
4147,猫
4148,猫
4149,猫
4150,猫
4151,猫
4152,狗
4153,猫
4154,猫
4155,狗
4156,猫
4157,猫
4158,猫
4159,猫
4160,猫
4161,狗
4162,猫
4163,猫
4164,狗
4165,狗
4166,狗
4167,猫
4168,猫
4169,猫
4170,狗
4171,狗
4172,猫
4173,狗
4174,狗
4175,狗
4176,狗
4177,狗
4178,狗
4179,猫
4180,狗
4181,猫
4182,猫
4183,猫
4184,猫
4185,猫
4186,狗
4187,猫
4188,猫
4189,猫
4190,狗
4191,狗
4192,狗
4193,猫
4194,狗
4195,狗
4196,狗
4197,猫
4198,狗
4199,狗
4200,猫
4201,猫
4202,猫
4203,狗
4204,猫
4205,猫
4206,狗
4207,猫
4208,狗
4209,猫
4210,狗
4211,猫
4212,猫
4213,猫
4214,猫
4215,狗
4216,狗
4217,猫
4218,狗
4219,狗
4220,猫
4221,猫
4222,猫
4223,狗
4224,狗
4225,猫
4226,猫
4227,猫
4228,猫
4229,狗
4230,狗
4231,狗
4232,猫
4233,狗
4234,猫
4235,狗
4236,猫
4237,狗
4238,猫
4239,猫
4240,狗
4241,猫
4242,狗
4243,狗
4244,猫
4245,狗
4246,狗
4247,狗
4248,狗
4249,猫
4250,猫
4251,狗
4252,狗
4253,猫
4254,猫
4255,狗
4256,猫
4257,狗
4258,狗
4259,狗
4260,狗
4261,狗
4262,猫
4263,猫
4264,狗
4265,狗
4266,猫
4267,狗
4268,狗
4269,猫
4270,猫
4271,猫
4272,狗
4273,猫
4274,狗
4275,猫
4276,狗
4277,猫
4278,猫
4279,猫
4280,猫
4281,猫
4282,狗
4283,猫
4284,猫
4285,猫
4286,猫
4287,狗
4288,猫
4289,狗
4290,狗
4291,猫
4292,猫
4293,猫
4294,狗
4295,狗
4296,猫
4297,狗
4298,猫
4299,狗
4300,狗
4301,猫
4302,狗
4303,狗
4304,狗
4305,猫
4306,猫
4307,狗
4308,猫
4309,狗
4310,猫
4311,猫
4312,猫
4313,猫
4314,狗
4315,狗
4316,狗
4317,狗
4318,猫
4319,狗
4320,猫
4321,狗
4322,狗
4323,猫
4324,猫
4325,狗
4326,猫
4327,狗
4328,狗
4329,猫
4330,狗
4331,猫
4332,猫
4333,狗
4334,狗
4335,狗
4336,狗
4337,猫
4338,狗
4339,猫
4340,狗
4341,狗
4342,狗
4343,狗
4344,狗
4345,猫
4346,猫
4347,狗
4348,猫
4349,狗
4350,狗
4351,狗
4352,狗
4353,狗
4354,狗
4355,猫
4356,猫
4357,狗
4358,狗
4359,猫
4360,狗
4361,猫
4362,狗
4363,猫
4364,猫
4365,猫
4366,猫
4367,狗
4368,猫
4369,狗
4370,狗
4371,猫
4372,猫
4373,猫
4374,猫
4375,狗
4376,猫
4377,猫
4378,狗
4379,猫
4380,猫
4381,猫
4382,猫
4383,狗
4384,猫
4385,狗
4386,猫
4387,猫
4388,狗
4389,猫
4390,狗
4391,狗
4392,猫
4393,狗
4394,猫
4395,猫
4396,狗
4397,狗
4398,猫
4399,猫
4400,狗
4401,狗
4402,猫
4403,猫
4404,狗
4405,狗
4406,狗
4407,狗
4408,狗
4409,狗
4410,狗
4411,狗
4412,猫
4413,狗
4414,猫
4415,狗
4416,狗
4417,狗
4418,猫
4419,猫
4420,狗
4421,狗
4422,狗
4423,猫
4424,狗
4425,猫
4426,狗
4427,狗
4428,猫
4429,狗
4430,狗
4431,猫
4432,狗
4433,猫
4434,狗
4435,猫
4436,狗
4437,狗
4438,猫
4439,狗
4440,猫
4441,猫
4442,猫
4443,狗
4444,猫
4445,猫
4446,猫
4447,狗
4448,猫
4449,猫
4450,猫
4451,狗
4452,狗
4453,猫
4454,猫
4455,猫
4456,狗
4457,狗
4458,猫
4459,猫
4460,猫
4461,猫
4462,猫
4463,猫
4464,狗
4465,狗
4466,狗
4467,狗
4468,狗
4469,狗
4470,猫
4471,狗
4472,狗
4473,狗
4474,猫
4475,猫
4476,猫
4477,猫
4478,狗
4479,猫
4480,狗
4481,猫
4482,猫
4483,狗
4484,猫
4485,猫
4486,猫
4487,猫
4488,猫
4489,猫
4490,猫
4491,狗
4492,狗
4493,猫
4494,狗
4495,猫
4496,猫
4497,猫
4498,狗
4499,狗
4500,猫
4501,狗
4502,狗
4503,猫
4504,猫
4505,猫
4506,猫
4507,猫
4508,猫
4509,猫
4510,猫
4511,狗
4512,狗
4513,猫
4514,猫
4515,狗
4516,狗
4517,猫
4518,狗
4519,猫
4520,狗
4521,猫
4522,猫
4523,猫
4524,猫
4525,猫
4526,狗
4527,猫
4528,猫
4529,猫
4530,猫
4531,狗
4532,猫
4533,猫
4534,猫
4535,狗
4536,猫
4537,狗
4538,猫
4539,狗
4540,猫
4541,狗
4542,猫
4543,狗
4544,猫
4545,猫
4546,狗
4547,狗
4548,狗
4549,猫
4550,猫
4551,狗
4552,猫
4553,猫
4554,狗
4555,猫
4556,猫
4557,猫
4558,狗
4559,狗
4560,猫
4561,猫
4562,狗
4563,猫
4564,狗
4565,猫
4566,狗
4567,狗
4568,猫
4569,猫
4570,狗
4571,狗
4572,猫
4573,狗
4574,狗
4575,狗
4576,猫
4577,狗
4578,狗
4579,猫
4580,狗
4581,狗
4582,猫
4583,猫
4584,猫
4585,猫
4586,狗
4587,猫
4588,狗
4589,猫
4590,狗
4591,猫
4592,猫
4593,狗
4594,狗
4595,猫
4596,狗
4597,猫
4598,狗
4599,狗
4600,猫
4601,猫
4602,狗
4603,狗
4604,猫
4605,猫
4606,狗
4607,猫
4608,猫
4609,猫
4610,猫
4611,猫
4612,猫
4613,猫
4614,猫
4615,狗
4616,狗
4617,猫
4618,狗
4619,猫
4620,猫
4621,猫
4622,狗
4623,狗
4624,狗
4625,猫
4626,狗
4627,狗
4628,狗
4629,猫
4630,狗
4631,狗
4632,猫
4633,猫
4634,猫
4635,狗
4636,狗
4637,狗
4638,猫
4639,猫
4640,狗
4641,狗
4642,狗
4643,狗
4644,猫
4645,猫
4646,狗
4647,狗
4648,猫
4649,狗
4650,狗
4651,狗
4652,狗
4653,猫
4654,狗
4655,猫
4656,狗
4657,猫
4658,猫
4659,猫
4660,猫
4661,猫
4662,猫
4663,猫
4664,狗
4665,狗
4666,狗
4667,狗
4668,狗
4669,狗
4670,猫
4671,狗
4672,猫
4673,猫
4674,狗
4675,狗
4676,狗
4677,狗
4678,猫
4679,狗
4680,狗
4681,猫
4682,猫
4683,猫
4684,狗
4685,狗
4686,猫
4687,猫
4688,猫
4689,狗
4690,猫
4691,狗
4692,猫
4693,狗
4694,猫
4695,猫
4696,猫
4697,猫
4698,狗
4699,狗
4700,狗
4701,猫
4702,狗
4703,猫
4704,猫
4705,猫
4706,猫
4707,猫
4708,狗
4709,狗
4710,狗
4711,狗
4712,猫
4713,狗
4714,狗
4715,狗
4716,猫
4717,狗
4718,狗
4719,猫
4720,狗
4721,猫
4722,猫
4723,狗
4724,狗
4725,猫
4726,狗
4727,猫
4728,猫
4729,狗
4730,狗
4731,狗
4732,狗
4733,狗
4734,狗
4735,猫
4736,狗
4737,狗
4738,狗
4739,猫
4740,猫
4741,猫
4742,猫
4743,狗
4744,狗
4745,狗
4746,狗
4747,狗
4748,狗
4749,猫
4750,狗
4751,猫
4752,猫
4753,猫
4754,猫
4755,狗
4756,狗
4757,狗
4758,猫
4759,猫
4760,猫
4761,猫
4762,猫
4763,狗
4764,猫
4765,狗
4766,猫
4767,狗
4768,猫
4769,猫
4770,猫
4771,狗
4772,狗
4773,狗
4774,狗
4775,猫
4776,猫
4777,猫
4778,狗
4779,猫
4780,狗
4781,猫
4782,狗
4783,狗
4784,狗
4785,猫
4786,狗
4787,狗
4788,狗
4789,猫
4790,狗
4791,狗
4792,狗
4793,猫
4794,狗
4795,狗
4796,猫
4797,狗
4798,猫
4799,狗
4800,猫
4801,狗
4802,狗
4803,狗
4804,狗
4805,狗
4806,猫
4807,猫
4808,狗
4809,猫
4810,猫
4811,猫
4812,狗
4813,猫
4814,狗
4815,狗
4816,狗
4817,猫
4818,狗
4819,猫
4820,狗
4821,狗
4822,狗
4823,狗
4824,狗
4825,狗
4826,狗
4827,狗
4828,狗
4829,猫
4830,猫
4831,猫
4832,狗
4833,猫
4834,狗
4835,狗
4836,狗
4837,猫
4838,狗
4839,猫
4840,狗
4841,猫
4842,狗
4843,狗
4844,猫
4845,猫
4846,狗
4847,狗
4848,猫
4849,狗
4850,狗
4851,猫
4852,狗
4853,猫
4854,狗
4855,猫
4856,狗
4857,狗
4858,狗
4859,猫
4860,狗
4861,狗
4862,狗
4863,猫
4864,猫
4865,狗
4866,狗
4867,狗
4868,猫
4869,猫
4870,狗
4871,狗
4872,狗
4873,狗
4874,狗
4875,狗
4876,猫
4877,猫
4878,猫
4879,狗
4880,猫
4881,猫
4882,猫
4883,狗
4884,猫
4885,猫
4886,猫
4887,狗
4888,猫
4889,狗
4890,狗
4891,猫
4892,猫
4893,猫
4894,狗
4895,狗
4896,猫
4897,狗
4898,狗
4899,猫
4900,猫
4901,狗
4902,狗
4903,猫
4904,猫
4905,猫
4906,猫
4907,猫
4908,狗
4909,狗
4910,猫
4911,狗
4912,狗
4913,狗
4914,猫
4915,狗
4916,猫
4917,猫
4918,猫
4919,狗
4920,猫
4921,猫
4922,猫
4923,猫
4924,狗
4925,猫
4926,狗
4927,狗
4928,猫
4929,狗
4930,猫
4931,狗
4932,猫
4933,猫
4934,猫
4935,狗
4936,猫
4937,狗
4938,狗
4939,狗
4940,狗
4941,狗
4942,狗
4943,猫
4944,猫
4945,猫
4946,狗
4947,猫
4948,猫
4949,猫
4950,狗
4951,猫
4952,狗
4953,狗
4954,狗
4955,狗
4956,猫
4957,猫
4958,猫
4959,狗
4960,狗
4961,猫
4962,狗
4963,狗
4964,猫
4965,狗
4966,狗
4967,猫
4968,猫
4969,狗
4970,猫
4971,狗
4972,猫
4973,狗
4974,狗
4975,猫
4976,狗
4977,猫
4978,猫
4979,狗
4980,狗
4981,猫
4982,狗
4983,猫
4984,狗
4985,狗
4986,狗
4987,猫
4988,狗
4989,狗
4990,猫
4991,猫
4992,狗
4993,狗
4994,猫
4995,猫
4996,狗
4997,猫
4998,狗
4999,狗
5000,狗
5001,猫
5002,猫
5003,狗
5004,狗
5005,猫
5006,猫
5007,猫
5008,猫
5009,猫
5010,猫
5011,狗
5012,猫
5013,猫
5014,猫
5015,狗
5016,狗
5017,狗
5018,猫
5019,狗
5020,猫
5021,狗
5022,狗
5023,猫
5024,狗
5025,猫
5026,猫
5027,猫
5028,猫
5029,猫
5030,狗
5031,狗
5032,猫
5033,狗
5034,猫
5035,狗
5036,狗
5037,猫
5038,猫
5039,猫
5040,狗
5041,猫
5042,猫
5043,猫
5044,猫
5045,狗
5046,狗
5047,猫
5048,狗
5049,狗
5050,猫
5051,猫
5052,狗
5053,猫
5054,猫
5055,猫
5056,狗
5057,猫
5058,猫
5059,猫
5060,狗
5061,狗
5062,狗
5063,狗
5064,狗
5065,猫
5066,狗
5067,狗
5068,狗
5069,狗
5070,狗
5071,狗
5072,狗
5073,狗
5074,猫
5075,猫
5076,猫
5077,狗
5078,狗
5079,猫
5080,狗
5081,狗
5082,猫
5083,猫
5084,猫
5085,猫
5086,狗
5087,猫
5088,猫
5089,狗
5090,狗
5091,猫
5092,狗
5093,猫
5094,狗
5095,猫
5096,狗
5097,猫
5098,狗
5099,猫
5100,狗
5101,狗
5102,猫
5103,猫
5104,猫
5105,猫
5106,猫
5107,狗
5108,猫
5109,猫
5110,猫
5111,狗
5112,猫
5113,狗
5114,狗
5115,猫
5116,狗
5117,狗
5118,狗
5119,猫
5120,狗
5121,狗
5122,猫
5123,狗
5124,猫
5125,猫
5126,猫
5127,狗
5128,狗
5129,猫
5130,狗
5131,猫
5132,猫
5133,猫
5134,猫
5135,狗
5136,猫
5137,猫
5138,猫
5139,猫
5140,猫
5141,狗
5142,猫
5143,狗
5144,猫
5145,狗
5146,狗
5147,狗
5148,狗
5149,猫
5150,狗
5151,猫
5152,猫
5153,猫
5154,猫
5155,狗
5156,狗
5157,狗
5158,狗
5159,狗
5160,猫
5161,猫
5162,狗
5163,狗
5164,狗
5165,狗
5166,狗
5167,猫
5168,猫
5169,猫
5170,猫
5171,狗
5172,狗
5173,狗
5174,猫
5175,狗
5176,狗
5177,狗
5178,猫
5179,猫
5180,狗
5181,猫
5182,猫
5183,猫
5184,猫
5185,猫
5186,猫
5187,狗
5188,狗
5189,狗
5190,猫
5191,狗
5192,猫
5193,猫
5194,狗
5195,猫
5196,猫
5197,猫
5198,狗
5199,猫
5200,狗
5201,猫
5202,猫
5203,狗
5204,猫
5205,猫
5206,猫
5207,猫
5208,猫
5209,猫
5210,猫
5211,猫
5212,狗
5213,猫
5214,猫
5215,狗
5216,狗
5217,狗
5218,狗
5219,猫
5220,狗
5221,猫
5222,狗
5223,猫
5224,狗
5225,狗
5226,狗
5227,猫
5228,狗
5229,猫
5230,猫
5231,狗
5232,狗
5233,狗
5234,狗
5235,狗
5236,狗
5237,狗
5238,狗
5239,狗
5240,猫
5241,狗
5242,狗
5243,狗
5244,狗
5245,猫
5246,猫
5247,猫
5248,猫
5249,猫
5250,猫
5251,狗
5252,猫
5253,猫
5254,猫
5255,猫
5256,狗
5257,猫
5258,狗
5259,猫
5260,猫
5261,猫
5262,猫
5263,猫
5264,狗
5265,猫
5266,狗
5267,猫
5268,狗
5269,猫
5270,猫
5271,狗
5272,猫
5273,狗
5274,狗
5275,猫
5276,狗
5277,狗
5278,狗
5279,狗
5280,猫
5281,狗
5282,猫
5283,狗
5284,猫
5285,猫
5286,猫
5287,猫
5288,狗
5289,狗
5290,猫
5291,狗
5292,狗
5293,狗
5294,猫
5295,猫
5296,猫
5297,猫
5298,猫
5299,狗
5300,猫
5301,狗
5302,狗
5303,猫
5304,狗
5305,狗
5306,狗
5307,狗
5308,狗
5309,猫
5310,狗
5311,猫
5312,猫
5313,猫
5314,狗
5315,狗
5316,猫
5317,狗
5318,狗
5319,猫
5320,狗
5321,猫
5322,狗
5323,猫
5324,狗
5325,猫
5326,狗
5327,狗
5328,狗
5329,猫
5330,猫
5331,狗
5332,狗
5333,狗
5334,猫
5335,猫
5336,狗
5337,狗
5338,猫
5339,狗
5340,猫
5341,猫
5342,猫
5343,狗
5344,狗
5345,猫
5346,狗
5347,狗
5348,狗
5349,狗
5350,狗
5351,狗
5352,猫
5353,猫
5354,猫
5355,猫
5356,猫
5357,狗
5358,狗
5359,猫
5360,猫
5361,狗
5362,猫
5363,猫
5364,猫
5365,猫
5366,狗
5367,狗
5368,猫
5369,狗
5370,狗
5371,狗
5372,猫
5373,猫
5374,猫
5375,狗
5376,狗
5377,狗
5378,狗
5379,猫
5380,狗
5381,狗
5382,狗
5383,狗
5384,猫
5385,狗
5386,猫
5387,猫
5388,狗
5389,猫
5390,狗
5391,狗
5392,猫
5393,狗
5394,狗
5395,狗
5396,狗
5397,猫
5398,猫
5399,狗
5400,狗
5401,猫
5402,狗
5403,狗
5404,狗
5405,猫
5406,狗
5407,狗
5408,猫
5409,狗
5410,狗
5411,狗
5412,猫
5413,狗
5414,狗
5415,猫
5416,猫
5417,猫
5418,狗
5419,狗
5420,狗
5421,狗
5422,狗
5423,猫
5424,猫
5425,狗
5426,狗
5427,狗
5428,狗
5429,猫
5430,猫
5431,狗
5432,狗
5433,狗
5434,狗
5435,猫
5436,狗
5437,狗
5438,狗
5439,猫
5440,狗
5441,狗
5442,狗
5443,狗
5444,狗
5445,猫
5446,狗
5447,狗
5448,狗
5449,狗
5450,狗
5451,狗
5452,猫
5453,猫
5454,狗
5455,狗
5456,猫
5457,狗
5458,狗
5459,狗
5460,猫
5461,猫
5462,猫
5463,狗
5464,狗
5465,狗
5466,猫
5467,狗
5468,狗
5469,狗
5470,狗
5471,狗
5472,猫
5473,狗
5474,猫
5475,狗
5476,猫
5477,猫
5478,狗
5479,狗
5480,猫
5481,狗
5482,猫
5483,猫
5484,狗
5485,狗
5486,猫
5487,狗
5488,狗
5489,狗
5490,狗
5491,狗
5492,狗
5493,狗
5494,狗
5495,狗
5496,狗
5497,狗
5498,猫
5499,猫
5500,猫
5501,狗
5502,猫
5503,狗
5504,狗
5505,狗
5506,猫
5507,狗
5508,狗
5509,狗
5510,狗
5511,狗
5512,狗
5513,狗
5514,狗
5515,狗
5516,狗
5517,猫
5518,猫
5519,狗
5520,狗
5521,狗
5522,狗
5523,猫
5524,狗
5525,猫
5526,狗
5527,狗
5528,狗
5529,猫
5530,猫
5531,狗
5532,狗
5533,猫
5534,狗
5535,猫
5536,狗
5537,猫
5538,猫
5539,狗
5540,猫
5541,猫
5542,猫
5543,狗
5544,猫
5545,猫
5546,猫
5547,猫
5548,狗
5549,猫
5550,狗
5551,狗
5552,猫
5553,猫
5554,狗
5555,狗
5556,猫
5557,猫
5558,狗
5559,狗
5560,狗
5561,狗
5562,狗
5563,猫
5564,猫
5565,狗
5566,猫
5567,狗
5568,狗
5569,猫
5570,狗
5571,狗
5572,狗
5573,狗
5574,狗
5575,狗
5576,猫
5577,狗
5578,狗
5579,猫
5580,狗
5581,狗
5582,猫
5583,猫
5584,狗
5585,狗
5586,狗
5587,狗
5588,狗
5589,猫
5590,狗
5591,狗
5592,狗
5593,狗
5594,狗
5595,猫
5596,狗
5597,狗
5598,猫
5599,猫
5600,狗
5601,狗
5602,狗
5603,猫
5604,狗
5605,猫
5606,猫
5607,狗
5608,狗
5609,猫
5610,狗
5611,猫
5612,猫
5613,狗
5614,狗
5615,猫
5616,猫
5617,狗
5618,狗
5619,狗
5620,狗
5621,猫
5622,猫
5623,猫
5624,猫
5625,狗
5626,猫
5627,猫
5628,狗
5629,狗
5630,狗
5631,狗
5632,猫
5633,狗
5634,狗
5635,狗
5636,猫
5637,猫
5638,猫
5639,狗
5640,狗
5641,狗
5642,狗
5643,猫
5644,狗
5645,猫
5646,猫
5647,猫
5648,猫
5649,狗
5650,狗
5651,狗
5652,猫
5653,狗
5654,猫
5655,狗
5656,狗
5657,猫
5658,狗
5659,猫
5660,狗
5661,猫
5662,狗
5663,猫
5664,猫
5665,狗
5666,猫
5667,狗
5668,猫
5669,猫
5670,狗
5671,猫
5672,狗
5673,猫
5674,猫
5675,狗
5676,狗
5677,狗
5678,猫
5679,猫
5680,狗
5681,猫
5682,猫
5683,猫
5684,狗
5685,猫
5686,猫
5687,猫
5688,狗
5689,狗
5690,狗
5691,狗
5692,狗
5693,狗
5694,狗
5695,狗
5696,猫
5697,狗
5698,狗
5699,猫
5700,狗
5701,狗
5702,猫
5703,狗
5704,猫
5705,狗
5706,狗
5707,猫
5708,狗
5709,猫
5710,猫
5711,狗
5712,猫
5713,猫
5714,猫
5715,狗
5716,猫
5717,狗
5718,狗
5719,猫
5720,猫
5721,猫
5722,猫
5723,猫
5724,猫
5725,猫
5726,猫
5727,猫
5728,猫
5729,猫
5730,狗
5731,猫
5732,狗
5733,狗
5734,猫
5735,狗
5736,猫
5737,狗
5738,狗
5739,狗
5740,狗
5741,猫
5742,狗
5743,猫
5744,猫
5745,猫
5746,猫
5747,狗
5748,狗
5749,狗
5750,猫
5751,狗
5752,狗
5753,猫
5754,猫
5755,狗
5756,狗
5757,猫
5758,猫
5759,狗
5760,狗
5761,猫
5762,猫
5763,猫
5764,猫
5765,狗
5766,狗
5767,猫
5768,狗
5769,猫
5770,猫
5771,狗
5772,狗
5773,猫
5774,猫
5775,猫
5776,狗
5777,狗
5778,狗
5779,狗
5780,狗
5781,猫
5782,狗
5783,狗
5784,狗
5785,猫
5786,猫
5787,狗
5788,猫
5789,狗
5790,猫
5791,猫
5792,猫
5793,猫
5794,狗
5795,狗
5796,狗
5797,猫
5798,狗
5799,狗
5800,猫
5801,狗
5802,猫
5803,猫
5804,狗
5805,狗
5806,猫
5807,狗
5808,狗
5809,狗
5810,狗
5811,猫
5812,猫
5813,狗
5814,猫
5815,狗
5816,猫
5817,猫
5818,猫
5819,狗
5820,狗
5821,狗
5822,猫
5823,猫
5824,狗
5825,狗
5826,狗
5827,狗
5828,狗
5829,狗
5830,猫
5831,狗
5832,猫
5833,狗
5834,狗
5835,猫
5836,狗
5837,猫
5838,猫
5839,狗
5840,猫
5841,猫
5842,猫
5843,狗
5844,猫
5845,狗
5846,猫
5847,猫
5848,狗
5849,狗
5850,猫
5851,猫
5852,狗
5853,猫
5854,猫
5855,猫
5856,猫
5857,猫
5858,狗
5859,猫
5860,狗
5861,猫
5862,狗
5863,猫
5864,猫
5865,猫
5866,猫
5867,猫
5868,猫
5869,狗
5870,猫
5871,猫
5872,猫
5873,狗
5874,狗
5875,猫
5876,猫
5877,狗
5878,狗
5879,猫
5880,狗
5881,狗
5882,狗
5883,狗
5884,狗
5885,猫
5886,狗
5887,猫
5888,猫
5889,猫
5890,狗
5891,猫
5892,狗
5893,狗
5894,猫
5895,猫
5896,猫
5897,猫
5898,狗
5899,猫
5900,猫
5901,狗
5902,猫
5903,猫
5904,狗
5905,狗
5906,猫
5907,猫
5908,狗
5909,猫
5910,猫
5911,狗
5912,猫
5913,猫
5914,猫
5915,狗
5916,狗
5917,狗
5918,猫
5919,狗
5920,猫
5921,猫
5922,狗
5923,狗
5924,狗
5925,狗
5926,猫
5927,猫
5928,狗
5929,狗
5930,狗
5931,狗
5932,猫
5933,猫
5934,猫
5935,狗
5936,狗
5937,猫
5938,狗
5939,猫
5940,猫
5941,猫
5942,猫
5943,狗
5944,狗
5945,猫
5946,狗
5947,猫
5948,狗
5949,猫
5950,猫
5951,狗
5952,狗
5953,猫
5954,猫
5955,狗
5956,猫
5957,狗
5958,狗
5959,猫
5960,猫
5961,猫
5962,猫
5963,猫
5964,猫
5965,狗
5966,狗
5967,猫
5968,狗
5969,狗
5970,狗
5971,狗
5972,狗
5973,狗
5974,猫
5975,狗
5976,狗
5977,猫
5978,猫
5979,狗
5980,猫
5981,猫
5982,猫
5983,狗
5984,狗
5985,狗
5986,猫
5987,猫
5988,狗
5989,狗
5990,狗
5991,猫
5992,狗
5993,狗
5994,猫
5995,狗
5996,猫
5997,狗
5998,猫
5999,狗
6000,狗
6001,猫
6002,猫
6003,猫
6004,狗
6005,猫
6006,猫
6007,狗
6008,猫
6009,猫
6010,狗
6011,猫
6012,狗
6013,猫
6014,猫
6015,猫
6016,狗
6017,狗
6018,猫
6019,狗
6020,狗
6021,猫
6022,狗
6023,猫
6024,猫
6025,狗
6026,狗
6027,狗
6028,狗
6029,猫
6030,狗
6031,猫
6032,猫
6033,猫
6034,猫
6035,猫
6036,猫
6037,猫
6038,狗
6039,猫
6040,狗
6041,狗
6042,狗
6043,猫
6044,猫
6045,狗
6046,狗
6047,狗
6048,猫
6049,狗
6050,猫
6051,狗
6052,猫
6053,猫
6054,猫
6055,狗
6056,猫
6057,猫
6058,猫
6059,猫
6060,猫
6061,狗
6062,猫
6063,猫
6064,狗
6065,狗
6066,狗
6067,狗
6068,猫
6069,狗
6070,狗
6071,猫
6072,狗
6073,狗
6074,猫
6075,狗
6076,猫
6077,猫
6078,狗
6079,狗
6080,狗
6081,猫
6082,狗
6083,猫
6084,狗
6085,狗
6086,狗
6087,狗
6088,狗
6089,狗
6090,狗
6091,狗
6092,猫
6093,狗
6094,狗
6095,猫
6096,猫
6097,猫
6098,猫
6099,猫
6100,猫
6101,猫
6102,猫
6103,狗
6104,狗
6105,狗
6106,狗
6107,狗
6108,狗
6109,狗
6110,猫
6111,狗
6112,猫
6113,猫
6114,猫
6115,猫
6116,狗
6117,狗
6118,狗
6119,猫
6120,狗
6121,狗
6122,猫
6123,狗
6124,猫
6125,狗
6126,狗
6127,猫
6128,狗
6129,猫
6130,狗
6131,猫
6132,猫
6133,猫
6134,狗
6135,猫
6136,猫
6137,狗
6138,猫
6139,狗
6140,狗
6141,狗
6142,狗
6143,猫
6144,猫
6145,猫
6146,猫
6147,猫
6148,狗
6149,猫
6150,猫
6151,狗
6152,猫
6153,猫
6154,狗
6155,狗
6156,猫
6157,狗
6158,猫
6159,猫
6160,狗
6161,猫
6162,狗
6163,狗
6164,猫
6165,猫
6166,猫
6167,猫
6168,猫
6169,狗
6170,猫
6171,猫
6172,猫
6173,猫
6174,猫
6175,狗
6176,狗
6177,狗
6178,猫
6179,猫
6180,狗
6181,猫
6182,猫
6183,狗
6184,猫
6185,猫
6186,狗
6187,狗
6188,狗
6189,猫
6190,猫
6191,猫
6192,狗
6193,狗
6194,猫
6195,猫
6196,猫
6197,猫
6198,猫
6199,狗
6200,狗
6201,狗
6202,猫
6203,狗
6204,猫
6205,猫
6206,狗
6207,狗
6208,狗
6209,狗
6210,猫
6211,猫
6212,猫
6213,猫
6214,狗
6215,狗
6216,猫
6217,狗
6218,狗
6219,狗
6220,猫
6221,狗
6222,狗
6223,狗
6224,狗
6225,狗
6226,狗
6227,猫
6228,猫
6229,狗
6230,狗
6231,狗
6232,狗
6233,猫
6234,猫
6235,猫
6236,狗
6237,狗
6238,猫
6239,狗
6240,猫
6241,狗
6242,狗
6243,猫
6244,狗
6245,狗
6246,狗
6247,猫
6248,狗
6249,狗
6250,猫
6251,猫
6252,猫
6253,狗
6254,狗
6255,狗
6256,猫
6257,狗
6258,猫
6259,猫
6260,狗
6261,猫
6262,猫
6263,猫
6264,狗
6265,狗
6266,狗
6267,猫
6268,猫
6269,猫
6270,猫
6271,猫
6272,猫
6273,狗
6274,猫
6275,猫
6276,猫
6277,狗
6278,猫
6279,狗
6280,狗
6281,狗
6282,猫
6283,狗
6284,狗
6285,狗
6286,猫
6287,狗
6288,狗
6289,狗
6290,狗
6291,猫
6292,狗
6293,狗
6294,狗
6295,狗
6296,猫
6297,猫
6298,猫
6299,猫
6300,猫
6301,狗
6302,狗
6303,猫
6304,猫
6305,狗
6306,狗
6307,狗
6308,猫
6309,狗
6310,狗
6311,猫
6312,猫
6313,狗
6314,猫
6315,狗
6316,猫
6317,狗
6318,狗
6319,狗
6320,猫
6321,狗
6322,狗
6323,狗
6324,猫
6325,猫
6326,猫
6327,狗
6328,猫
6329,猫
6330,猫
6331,狗
6332,狗
6333,猫
6334,猫
6335,猫
6336,猫
6337,猫
6338,猫
6339,猫
6340,狗
6341,狗
6342,猫
6343,猫
6344,猫
6345,猫
6346,猫
6347,猫
6348,狗
6349,狗
6350,猫
6351,狗
6352,猫
6353,猫
6354,狗
6355,狗
6356,狗
6357,猫
6358,猫
6359,猫
6360,猫
6361,狗
6362,猫
6363,狗
6364,猫
6365,狗
6366,猫
6367,狗
6368,狗
6369,猫
6370,猫
6371,猫
6372,猫
6373,猫
6374,猫
6375,狗
6376,猫
6377,狗
6378,猫
6379,狗
6380,猫
6381,猫
6382,猫
6383,猫
6384,狗
6385,狗
6386,猫
6387,狗
6388,狗
6389,狗
6390,猫
6391,狗
6392,猫
6393,狗
6394,狗
6395,狗
6396,猫
6397,狗
6398,狗
6399,狗
6400,狗
6401,猫
6402,狗
6403,猫
6404,狗
6405,猫
6406,狗
6407,猫
6408,猫
6409,狗
6410,猫
6411,猫
6412,猫
6413,猫
6414,猫
6415,狗
6416,猫
6417,猫
6418,猫
6419,猫
6420,狗
6421,狗
6422,狗
6423,猫
6424,猫
6425,猫
6426,狗
6427,猫
6428,狗
6429,狗
6430,猫
6431,狗
6432,狗
6433,狗
6434,猫
6435,狗
6436,狗
6437,猫
6438,狗
6439,狗
6440,猫
6441,猫
6442,猫
6443,狗
6444,狗
6445,狗
6446,狗
6447,狗
6448,狗
6449,狗
6450,狗
6451,猫
6452,猫
6453,狗
6454,猫
6455,狗
6456,猫
6457,狗
6458,猫
6459,猫
6460,狗
6461,狗
6462,狗
6463,猫
6464,狗
6465,猫
6466,狗
6467,狗
6468,狗
6469,狗
6470,猫
6471,猫
6472,猫
6473,狗
6474,猫
6475,狗
6476,狗
6477,猫
6478,狗
6479,猫
6480,狗
6481,狗
6482,狗
6483,猫
6484,猫
6485,狗
6486,猫
6487,猫
6488,猫
6489,猫
6490,猫
6491,狗
6492,狗
6493,狗
6494,猫
6495,猫
6496,猫
6497,狗
6498,猫
6499,狗
6500,狗
6501,猫
6502,狗
6503,狗
6504,猫
6505,猫
6506,狗
6507,狗
6508,猫
6509,猫
6510,狗
6511,狗
6512,狗
6513,猫
6514,狗
6515,猫
6516,狗
6517,狗
6518,猫
6519,猫
6520,猫
6521,猫
6522,猫
6523,狗
6524,狗
6525,狗
6526,狗
6527,狗
6528,猫
6529,狗
6530,狗
6531,猫
6532,狗
6533,猫
6534,猫
6535,猫
6536,狗
6537,猫
6538,猫
6539,狗
6540,狗
6541,猫
6542,狗
6543,猫
6544,狗
6545,狗
6546,狗
6547,猫
6548,猫
6549,狗
6550,猫
6551,狗
6552,猫
6553,猫
6554,狗
6555,猫
6556,狗
6557,猫
6558,猫
6559,猫
6560,狗
6561,猫
6562,猫
6563,猫
6564,狗
6565,猫
6566,狗
6567,狗
6568,猫
6569,狗
6570,猫
6571,猫
6572,狗
6573,狗
6574,狗
6575,猫
6576,猫
6577,狗
6578,猫
6579,猫
6580,狗
6581,猫
6582,狗
6583,狗
6584,猫
6585,狗
6586,狗
6587,猫
6588,狗
6589,狗
6590,狗
6591,狗
6592,狗
6593,狗
6594,猫
6595,猫
6596,狗
6597,猫
6598,猫
6599,狗
6600,狗
6601,猫
6602,狗
6603,猫
6604,猫
6605,猫
6606,狗
6607,狗
6608,狗
6609,猫
6610,狗
6611,狗
6612,猫
6613,猫
6614,猫
6615,狗
6616,猫
6617,猫
6618,猫
6619,狗
6620,狗
6621,狗
6622,狗
6623,猫
6624,猫
6625,狗
6626,猫
6627,狗
6628,狗
6629,狗
6630,狗
6631,狗
6632,狗
6633,猫
6634,猫
6635,狗
6636,狗
6637,狗
6638,猫
6639,猫
6640,狗
6641,狗
6642,猫
6643,狗
6644,猫
6645,猫
6646,狗
6647,猫
6648,狗
6649,狗
6650,狗
6651,狗
6652,狗
6653,狗
6654,狗
6655,猫
6656,猫
6657,猫
6658,猫
6659,狗
6660,猫
6661,狗
6662,狗
6663,狗
6664,狗
6665,狗
6666,猫
6667,猫
6668,狗
6669,猫
6670,狗
6671,狗
6672,狗
6673,猫
6674,狗
6675,狗
6676,狗
6677,猫
6678,猫
6679,狗
6680,猫
6681,猫
6682,猫
6683,猫
6684,猫
6685,狗
6686,猫
6687,猫
6688,狗
6689,猫
6690,猫
6691,猫
6692,猫
6693,猫
6694,猫
6695,猫
6696,猫
6697,猫
6698,猫
6699,狗
6700,狗
6701,狗
6702,猫
6703,狗
6704,狗
6705,猫
6706,猫
6707,狗
6708,狗
6709,猫
6710,狗
6711,猫
6712,狗
6713,猫
6714,猫
6715,狗
6716,狗
6717,猫
6718,狗
6719,狗
6720,狗
6721,狗
6722,狗
6723,猫
6724,猫
6725,狗
6726,猫
6727,猫
6728,狗
6729,狗
6730,猫
6731,狗
6732,狗
6733,狗
6734,狗
6735,狗
6736,猫
6737,狗
6738,狗
6739,猫
6740,猫
6741,狗
6742,狗
6743,猫
6744,猫
6745,狗
6746,猫
6747,猫
6748,猫
6749,猫
6750,猫
6751,狗
6752,猫
6753,狗
6754,狗
6755,猫
6756,猫
6757,狗
6758,猫
6759,狗
6760,猫
6761,狗
6762,猫
6763,狗
6764,猫
6765,猫
6766,狗
6767,狗
6768,猫
6769,猫
6770,猫
6771,狗
6772,狗
6773,狗
6774,狗
6775,狗
6776,猫
6777,猫
6778,猫
6779,猫
6780,猫
6781,猫
6782,猫
6783,猫
6784,猫
6785,猫
6786,狗
6787,狗
6788,猫
6789,猫
6790,狗
6791,狗
6792,狗
6793,猫
6794,狗
6795,猫
6796,猫
6797,狗
6798,猫
6799,狗
6800,狗
6801,猫
6802,狗
6803,狗
6804,狗
6805,猫
6806,狗
6807,猫
6808,猫
6809,狗
6810,猫
6811,狗
6812,猫
6813,狗
6814,狗
6815,狗
6816,狗
6817,猫
6818,狗
6819,狗
6820,狗
6821,猫
6822,狗
6823,狗
6824,狗
6825,狗
6826,猫
6827,狗
6828,狗
6829,猫
6830,猫
6831,狗
6832,狗
6833,狗
6834,狗
6835,狗
6836,猫
6837,猫
6838,猫
6839,狗
6840,狗
6841,猫
6842,狗
6843,狗
6844,狗
6845,猫
6846,狗
6847,狗
6848,猫
6849,狗
6850,狗
6851,猫
6852,狗
6853,狗
6854,狗
6855,猫
6856,狗
6857,狗
6858,狗
6859,狗
6860,猫
6861,猫
6862,狗
6863,猫
6864,猫
6865,猫
6866,狗
6867,猫
6868,狗
6869,狗
6870,狗
6871,猫
6872,狗
6873,猫
6874,猫
6875,狗
6876,狗
6877,猫
6878,猫
6879,狗
6880,猫
6881,猫
6882,猫
6883,狗
6884,猫
6885,狗
6886,狗
6887,狗
6888,猫
6889,猫
6890,猫
6891,猫
6892,狗
6893,猫
6894,猫
6895,狗
6896,猫
6897,猫
6898,猫
6899,狗
6900,猫
6901,狗
6902,狗
6903,猫
6904,猫
6905,猫
6906,狗
6907,狗
6908,狗
6909,狗
6910,狗
6911,狗
6912,狗
6913,猫
6914,狗
6915,猫
6916,狗
6917,猫
6918,狗
6919,猫
6920,狗
6921,猫
6922,猫
6923,狗
6924,猫
6925,猫
6926,狗
6927,猫
6928,狗
6929,狗
6930,猫
6931,猫
6932,狗
6933,猫
6934,狗
6935,猫
6936,狗
6937,猫
6938,狗
6939,猫
6940,猫
6941,狗
6942,猫
6943,猫
6944,狗
6945,狗
6946,猫
6947,狗
6948,狗
6949,狗
6950,狗
6951,猫
6952,狗
6953,狗
6954,猫
6955,狗
6956,狗
6957,猫
6958,狗
6959,猫
6960,猫
6961,猫
6962,狗
6963,狗
6964,猫
6965,猫
6966,猫
6967,狗
6968,猫
6969,猫
6970,猫
6971,猫
6972,狗
6973,猫
6974,狗
6975,猫
6976,猫
6977,猫
6978,狗
6979,猫
6980,狗
6981,猫
6982,狗
6983,猫
6984,狗
6985,狗
6986,狗
6987,狗
6988,猫
6989,猫
6990,猫
6991,猫
6992,狗
6993,猫
6994,狗
6995,猫
6996,狗
6997,狗
6998,猫
6999,狗
7000,狗
7001,狗
7002,狗
7003,猫
7004,猫
7005,猫
7006,狗
7007,猫
7008,狗
7009,猫
7010,狗
7011,猫
7012,猫
7013,狗
7014,猫
7015,猫
7016,猫
7017,狗
7018,狗
7019,猫
7020,猫
7021,猫
7022,猫
7023,猫
7024,猫
7025,猫
7026,狗
7027,猫
7028,猫
7029,猫
7030,猫
7031,狗
7032,猫
7033,猫
7034,狗
7035,狗
7036,狗
7037,狗
7038,猫
7039,猫
7040,猫
7041,猫
7042,猫
7043,狗
7044,猫
7045,猫
7046,猫
7047,狗
7048,猫
7049,猫
7050,猫
7051,狗
7052,狗
7053,狗
7054,狗
7055,狗
7056,猫
7057,猫
7058,猫
7059,狗
7060,猫
7061,猫
7062,猫
7063,猫
7064,猫
7065,狗
7066,狗
7067,猫
7068,狗
7069,狗
7070,猫
7071,猫
7072,狗
7073,狗
7074,狗
7075,猫
7076,狗
7077,狗
7078,狗
7079,狗
7080,狗
7081,狗
7082,狗
7083,狗
7084,猫
7085,狗
7086,猫
7087,猫
7088,狗
7089,猫
7090,猫
7091,猫
7092,猫
7093,狗
7094,猫
7095,猫
7096,狗
7097,狗
7098,狗
7099,猫
7100,猫
7101,猫
7102,狗
7103,猫
7104,狗
7105,猫
7106,猫
7107,狗
7108,猫
7109,猫
7110,狗
7111,狗
7112,狗
7113,猫
7114,狗
7115,猫
7116,狗
7117,狗
7118,猫
7119,狗
7120,狗
7121,狗
7122,猫
7123,狗
7124,猫
7125,猫
7126,猫
7127,狗
7128,猫
7129,狗
7130,狗
7131,狗
7132,猫
7133,狗
7134,狗
7135,狗
7136,狗
7137,猫
7138,狗
7139,狗
7140,猫
7141,狗
7142,狗
7143,狗
7144,狗
7145,猫
7146,猫
7147,猫
7148,狗
7149,狗
7150,猫
7151,猫
7152,猫
7153,狗
7154,猫
7155,猫
7156,猫
7157,猫
7158,狗
7159,猫
7160,猫
7161,狗
7162,猫
7163,猫
7164,猫
7165,猫
7166,狗
7167,猫
7168,狗
7169,狗
7170,猫
7171,猫
7172,猫
7173,猫
7174,猫
7175,猫
7176,猫
7177,猫
7178,猫
7179,狗
7180,狗
7181,狗
7182,猫
7183,狗
7184,猫
7185,猫
7186,猫
7187,猫
7188,狗
7189,狗
7190,狗
7191,猫
7192,猫
7193,猫
7194,猫
7195,狗
7196,猫
7197,猫
7198,狗
7199,猫
7200,狗
7201,猫
7202,猫
7203,猫
7204,猫
7205,猫
7206,狗
7207,猫
7208,猫
7209,狗
7210,猫
7211,猫
7212,猫
7213,狗
7214,狗
7215,猫
7216,猫
7217,猫
7218,狗
7219,狗
7220,狗
7221,猫
7222,猫
7223,狗
7224,猫
7225,猫
7226,狗
7227,猫
7228,狗
7229,猫
7230,猫
7231,狗
7232,猫
7233,猫
7234,狗
7235,猫
7236,猫
7237,狗
7238,狗
7239,猫
7240,猫
7241,猫
7242,猫
7243,猫
7244,猫
7245,狗
7246,狗
7247,狗
7248,狗
7249,猫
7250,猫
7251,狗
7252,狗
7253,猫
7254,狗
7255,狗
7256,狗
7257,狗
7258,猫
7259,狗
7260,狗
7261,狗
7262,猫
7263,猫
7264,狗
7265,狗
7266,猫
7267,狗
7268,猫
7269,猫
7270,猫
7271,狗
7272,猫
7273,猫
7274,狗
7275,狗
7276,猫
7277,猫
7278,猫
7279,狗
7280,狗
7281,狗
7282,猫
7283,狗
7284,猫
7285,狗
7286,猫
7287,猫
7288,猫
7289,猫
7290,猫
7291,狗
7292,猫
7293,狗
7294,狗
7295,猫
7296,猫
7297,猫
7298,狗
7299,猫
7300,狗
7301,猫
7302,猫
7303,猫
7304,猫
7305,狗
7306,狗
7307,猫
7308,猫
7309,狗
7310,猫
7311,猫
7312,猫
7313,猫
7314,狗
7315,狗
7316,狗
7317,猫
7318,猫
7319,狗
7320,猫
7321,狗
7322,猫
7323,狗
7324,猫
7325,猫
7326,狗
7327,狗
7328,狗
7329,猫
7330,猫
7331,猫
7332,狗
7333,猫
7334,狗
7335,猫
7336,狗
7337,猫
7338,狗
7339,猫
7340,猫
7341,狗
7342,猫
7343,狗
7344,狗
7345,猫
7346,狗
7347,狗
7348,狗
7349,猫
7350,狗
7351,猫
7352,狗
7353,狗
7354,猫
7355,猫
7356,猫
7357,猫
7358,狗
7359,狗
7360,猫
7361,狗
7362,猫
7363,猫
7364,狗
7365,狗
7366,猫
7367,狗
7368,狗
7369,猫
7370,狗
7371,狗
7372,狗
7373,猫
7374,狗
7375,狗
7376,猫
7377,猫
7378,狗
7379,狗
7380,猫
7381,猫
7382,猫
7383,猫
7384,猫
7385,猫
7386,猫
7387,猫
7388,猫
7389,猫
7390,狗
7391,猫
7392,狗
7393,狗
7394,猫
7395,狗
7396,猫
7397,猫
7398,狗
7399,狗
7400,狗
7401,猫
7402,猫
7403,狗
7404,狗
7405,猫
7406,狗
7407,狗
7408,猫
7409,猫
7410,狗
7411,猫
7412,狗
7413,狗
7414,猫
7415,狗
7416,猫
7417,狗
7418,狗
7419,猫
7420,狗
7421,狗
7422,狗
7423,狗
7424,猫
7425,猫
7426,猫
7427,狗
7428,猫
7429,猫
7430,狗
7431,狗
7432,猫
7433,猫
7434,狗
7435,狗
7436,狗
7437,猫
7438,猫
7439,狗
7440,猫
7441,猫
7442,猫
7443,狗
7444,猫
7445,狗
7446,狗
7447,猫
7448,狗
7449,狗
7450,狗
7451,狗
7452,猫
7453,狗
7454,狗
7455,狗
7456,猫
7457,狗
7458,狗
7459,猫
7460,猫
7461,狗
7462,狗
7463,狗
7464,猫
7465,狗
7466,猫
7467,狗
7468,狗
7469,狗
7470,狗
7471,猫
7472,猫
7473,狗
7474,猫
7475,狗
7476,猫
7477,猫
7478,猫
7479,狗
7480,猫
7481,猫
7482,猫
7483,猫
7484,狗
7485,猫
7486,猫
7487,狗
7488,猫
7489,狗
7490,狗
7491,猫
7492,狗
7493,狗
7494,狗
7495,猫
7496,狗
7497,猫
7498,猫
7499,狗
7500,狗
7501,猫
7502,狗
7503,狗
7504,狗
7505,狗
7506,猫
7507,猫
7508,猫
7509,狗
7510,狗
7511,猫
7512,猫
7513,猫
7514,狗
7515,猫
7516,狗
7517,狗
7518,狗
7519,狗
7520,狗
7521,狗
7522,猫
7523,狗
7524,狗
7525,猫
7526,狗
7527,猫
7528,狗
7529,狗
7530,狗
7531,狗
7532,猫
7533,猫
7534,狗
7535,猫
7536,狗
7537,狗
7538,狗
7539,猫
7540,猫
7541,狗
7542,狗
7543,狗
7544,狗
7545,狗
7546,狗
7547,狗
7548,狗
7549,猫
7550,狗
7551,狗
7552,狗
7553,狗
7554,狗
7555,狗
7556,猫
7557,猫
7558,狗
7559,狗
7560,狗
7561,猫
7562,狗
7563,狗
7564,狗
7565,猫
7566,猫
7567,狗
7568,猫
7569,狗
7570,猫
7571,猫
7572,狗
7573,猫
7574,狗
7575,猫
7576,猫
7577,狗
7578,狗
7579,狗
7580,狗
7581,猫
7582,狗
7583,猫
7584,狗
7585,狗
7586,猫
7587,狗
7588,猫
7589,狗
7590,狗
7591,狗
7592,猫
7593,猫
7594,狗
7595,狗
7596,狗
7597,猫
7598,猫
7599,狗
7600,狗
7601,狗
7602,猫
7603,狗
7604,猫
7605,猫
7606,狗
7607,猫
7608,狗
7609,狗
7610,猫
7611,猫
7612,狗
7613,狗
7614,猫
7615,狗
7616,狗
7617,猫
7618,猫
7619,猫
7620,猫
7621,猫
7622,狗
7623,狗
7624,猫
7625,狗
7626,猫
7627,狗
7628,狗
7629,猫
7630,猫
7631,狗
7632,猫
7633,猫
7634,猫
7635,猫
7636,猫
7637,狗
7638,猫
7639,猫
7640,猫
7641,狗
7642,狗
7643,狗
7644,狗
7645,狗
7646,猫
7647,狗
7648,狗
7649,猫
7650,猫
7651,猫
7652,狗
7653,狗
7654,狗
7655,猫
7656,猫
7657,猫
7658,狗
7659,狗
7660,狗
7661,猫
7662,狗
7663,狗
7664,狗
7665,狗
7666,狗
7667,狗
7668,狗
7669,狗
7670,猫
7671,狗
7672,猫
7673,猫
7674,狗
7675,猫
7676,猫
7677,猫
7678,狗
7679,猫
7680,狗
7681,狗
7682,猫
7683,狗
7684,狗
7685,猫
7686,猫
7687,猫
7688,猫
7689,猫
7690,猫
7691,狗
7692,猫
7693,猫
7694,狗
7695,狗
7696,狗
7697,猫
7698,猫
7699,猫
7700,狗
7701,狗
7702,猫
7703,猫
7704,狗
7705,狗
7706,狗
7707,狗
7708,猫
7709,猫
7710,猫
7711,狗
7712,猫
7713,狗
7714,猫
7715,狗
7716,狗
7717,狗
7718,猫
7719,狗
7720,猫
7721,猫
7722,狗
7723,狗
7724,猫
7725,狗
7726,猫
7727,猫
7728,狗
7729,猫
7730,猫
7731,猫
7732,狗
7733,猫
7734,狗
7735,狗
7736,狗
7737,狗
7738,狗
7739,猫
7740,猫
7741,猫
7742,猫
7743,猫
7744,猫
7745,狗
7746,猫
7747,狗
7748,狗
7749,猫
7750,猫
7751,狗
7752,狗
7753,猫
7754,猫
7755,猫
7756,狗
7757,猫
7758,狗
7759,猫
7760,狗
7761,猫
7762,猫
7763,猫
7764,狗
7765,狗
7766,狗
7767,猫
7768,猫
7769,狗
7770,猫
7771,猫
7772,猫
7773,猫
7774,狗
7775,狗
7776,狗
7777,猫
7778,猫
7779,猫
7780,猫
7781,猫
7782,狗
7783,狗
7784,猫
7785,狗
7786,猫
7787,狗
7788,狗
7789,狗
7790,狗
7791,猫
7792,猫
7793,猫
7794,猫
7795,猫
7796,狗
7797,狗
7798,狗
7799,狗
7800,狗
7801,猫
7802,猫
7803,狗
7804,狗
7805,猫
7806,猫
7807,狗
7808,猫
7809,猫
7810,猫
7811,猫
7812,狗
7813,狗
7814,狗
7815,狗
7816,狗
7817,狗
7818,狗
7819,猫
7820,狗
7821,猫
7822,狗
7823,狗
7824,猫
7825,猫
7826,狗
7827,狗
7828,狗
7829,猫
7830,猫
7831,猫
7832,猫
7833,猫
7834,狗
7835,狗
7836,狗
7837,狗
7838,狗
7839,狗
7840,狗
7841,猫
7842,狗
7843,狗
7844,猫
7845,狗
7846,狗
7847,猫
7848,狗
7849,狗
7850,猫
7851,猫
7852,猫
7853,狗
7854,猫
7855,猫
7856,狗
7857,猫
7858,猫
7859,猫
7860,猫
7861,狗
7862,猫
7863,猫
7864,狗
7865,猫
7866,猫
7867,猫
7868,猫
7869,狗
7870,猫
7871,猫
7872,猫
7873,狗
7874,狗
7875,狗
7876,狗
7877,猫
7878,猫
7879,猫
7880,狗
7881,狗
7882,猫
7883,猫
7884,猫
7885,狗
7886,猫
7887,狗
7888,猫
7889,猫
7890,猫
7891,狗
7892,狗
7893,狗
7894,狗
7895,猫
7896,狗
7897,猫
7898,狗
7899,猫
7900,狗
7901,狗
7902,狗
7903,狗
7904,猫
7905,猫
7906,狗
7907,狗
7908,狗
7909,狗
7910,猫
7911,狗
7912,狗
7913,狗
7914,狗
7915,猫
7916,狗
7917,猫
7918,狗
7919,猫
7920,狗
7921,狗
7922,狗
7923,狗
7924,猫
7925,狗
7926,猫
7927,狗
7928,狗
7929,狗
7930,猫
7931,猫
7932,狗
7933,狗
7934,狗
7935,狗
7936,猫
7937,狗
7938,狗
7939,狗
7940,猫
7941,狗
7942,猫
7943,猫
7944,猫
7945,狗
7946,狗
7947,狗
7948,猫
7949,狗
7950,猫
7951,猫
7952,猫
7953,猫
7954,猫
7955,猫
7956,狗
7957,狗
7958,猫
7959,狗
7960,猫
7961,猫
7962,猫
7963,狗
7964,狗
7965,猫
7966,狗
7967,狗
7968,猫
7969,狗
7970,猫
7971,猫
7972,猫
7973,猫
7974,猫
7975,狗
7976,猫
7977,狗
7978,猫
7979,猫
7980,猫
7981,狗
7982,狗
7983,猫
7984,猫
7985,狗
7986,狗
7987,猫
7988,狗
7989,狗
7990,狗
7991,猫
7992,猫
7993,狗
7994,猫
7995,猫
7996,猫
7997,猫
7998,狗
7999,狗
8000,猫
8001,猫
8002,猫
8003,狗
8004,猫
8005,狗
8006,猫
8007,猫
8008,狗
8009,猫
8010,狗
8011,狗
8012,猫
8013,猫
8014,狗
8015,猫
8016,狗
8017,猫
8018,狗
8019,狗
8020,猫
8021,狗
8022,猫
8023,狗
8024,狗
8025,猫
8026,猫
8027,狗
8028,狗
8029,猫
8030,猫
8031,狗
8032,狗
8033,狗
8034,猫
8035,猫
8036,猫
8037,狗
8038,猫
8039,猫
8040,猫
8041,猫
8042,猫
8043,狗
8044,猫
8045,狗
8046,猫
8047,猫
8048,猫
8049,狗
8050,狗
8051,狗
8052,猫
8053,猫
8054,狗
8055,狗
8056,狗
8057,狗
8058,狗
8059,猫
8060,狗
8061,狗
8062,猫
8063,猫
8064,狗
8065,狗
8066,猫
8067,狗
8068,狗
8069,猫
8070,狗
8071,猫
8072,狗
8073,猫
8074,狗
8075,狗
8076,狗
8077,狗
8078,狗
8079,猫
8080,狗
8081,猫
8082,狗
8083,狗
8084,狗
8085,猫
8086,狗
8087,猫
8088,狗
8089,猫
8090,猫
8091,狗
8092,狗
8093,猫
8094,猫
8095,狗
8096,狗
8097,猫
8098,狗
8099,猫
8100,猫
8101,狗
8102,狗
8103,猫
8104,猫
8105,猫
8106,猫
8107,猫
8108,狗
8109,猫
8110,狗
8111,猫
8112,猫
8113,狗
8114,狗
8115,猫
8116,猫
8117,狗
8118,狗
8119,猫
8120,猫
8121,狗
8122,狗
8123,狗
8124,猫
8125,猫
8126,狗
8127,狗
8128,猫
8129,猫
8130,猫
8131,狗
8132,猫
8133,狗
8134,狗
8135,猫
8136,猫
8137,猫
8138,猫
8139,狗
8140,狗
8141,猫
8142,狗
8143,狗
8144,猫
8145,狗
8146,猫
8147,狗
8148,狗
8149,猫
8150,猫
8151,猫
8152,猫
8153,狗
8154,猫
8155,狗
8156,猫
8157,狗
8158,狗
8159,狗
8160,狗
8161,猫
8162,狗
8163,猫
8164,狗
8165,猫
8166,狗
8167,猫
8168,猫
8169,狗
8170,猫
8171,猫
8172,猫
8173,猫
8174,狗
8175,猫
8176,猫
8177,狗
8178,猫
8179,猫
8180,狗
8181,猫
8182,狗
8183,狗
8184,猫
8185,狗
8186,猫
8187,狗
8188,猫
8189,猫
8190,狗
8191,狗
8192,猫
8193,狗
8194,狗
8195,猫
8196,猫
8197,狗
8198,猫
8199,狗
8200,猫
8201,狗
8202,狗
8203,猫
8204,猫
8205,狗
8206,猫
8207,狗
8208,狗
8209,猫
8210,猫
8211,狗
8212,狗
8213,狗
8214,猫
8215,狗
8216,狗
8217,狗
8218,猫
8219,狗
8220,猫
8221,狗
8222,猫
8223,狗
8224,狗
8225,猫
8226,猫
8227,狗
8228,狗
8229,狗
8230,狗
8231,猫
8232,猫
8233,猫
8234,狗
8235,猫
8236,猫
8237,猫
8238,狗
8239,猫
8240,狗
8241,猫
8242,狗
8243,狗
8244,猫
8245,猫
8246,狗
8247,猫
8248,狗
8249,狗
8250,猫
8251,猫
8252,猫
8253,猫
8254,猫
8255,狗
8256,狗
8257,猫
8258,狗
8259,狗
8260,狗
8261,猫
8262,猫
8263,狗
8264,狗
8265,猫
8266,猫
8267,狗
8268,猫
8269,狗
8270,猫
8271,狗
8272,猫
8273,猫
8274,猫
8275,猫
8276,狗
8277,猫
8278,狗
8279,狗
8280,狗
8281,狗
8282,猫
8283,狗
8284,猫
8285,狗
8286,狗
8287,猫
8288,狗
8289,猫
8290,猫
8291,狗
8292,狗
8293,猫
8294,猫
8295,猫
8296,猫
8297,猫
8298,猫
8299,猫
8300,猫
8301,狗
8302,猫
8303,狗
8304,狗
8305,狗
8306,狗
8307,猫
8308,狗
8309,狗
8310,狗
8311,猫
8312,猫
8313,猫
8314,猫
8315,猫
8316,狗
8317,猫
8318,猫
8319,狗
8320,猫
8321,狗
8322,猫
8323,狗
8324,狗
8325,狗
8326,狗
8327,狗
8328,猫
8329,猫
8330,猫
8331,狗
8332,狗
8333,猫
8334,猫
8335,狗
8336,猫
8337,狗
8338,猫
8339,狗
8340,猫
8341,狗
8342,狗
8343,狗
8344,狗
8345,猫
8346,狗
8347,狗
8348,猫
8349,猫
8350,狗
8351,猫
8352,猫
8353,猫
8354,猫
8355,狗
8356,猫
8357,狗
8358,狗
8359,猫
8360,狗
8361,狗
8362,狗
8363,猫
8364,狗
8365,猫
8366,猫
8367,猫
8368,猫
8369,狗
8370,猫
8371,猫
8372,猫
8373,猫
8374,猫
8375,狗
8376,猫
8377,猫
8378,狗
8379,狗
8380,狗
8381,猫
8382,狗
8383,猫
8384,狗
8385,猫
8386,猫
8387,猫
8388,狗
8389,狗
8390,狗
8391,猫
8392,狗
8393,猫
8394,狗
8395,狗
8396,狗
8397,猫
8398,狗
8399,狗
8400,猫
8401,猫
8402,猫
8403,狗
8404,猫
8405,猫
8406,猫
8407,狗
8408,猫
8409,猫
8410,猫
8411,狗
8412,狗
8413,猫
8414,狗
8415,狗
8416,狗
8417,猫
8418,猫
8419,狗
8420,猫
8421,猫
8422,狗
8423,猫
8424,狗
8425,猫
8426,猫
8427,猫
8428,猫
8429,猫
8430,狗
8431,猫
8432,猫
8433,狗
8434,狗
8435,猫
8436,猫
8437,猫
8438,狗
8439,狗
8440,狗
8441,狗
8442,狗
8443,猫
8444,狗
8445,狗
8446,猫
8447,猫
8448,狗
8449,狗
8450,猫
8451,猫
8452,猫
8453,猫
8454,猫
8455,狗
8456,猫
8457,狗
8458,猫
8459,猫
8460,猫
8461,狗
8462,猫
8463,狗
8464,狗
8465,猫
8466,猫
8467,狗
8468,猫
8469,猫
8470,狗
8471,猫
8472,猫
8473,猫
8474,狗
8475,猫
8476,狗
8477,猫
8478,狗
8479,狗
8480,猫
8481,狗
8482,猫
8483,狗
8484,猫
8485,狗
8486,狗
8487,猫
8488,狗
8489,猫
8490,猫
8491,猫
8492,猫
8493,猫
8494,猫
8495,猫
8496,狗
8497,狗
8498,猫
8499,猫
8500,猫
8501,猫
8502,猫
8503,狗
8504,猫
8505,狗
8506,猫
8507,猫
8508,猫
8509,狗
8510,猫
8511,猫
8512,狗
8513,猫
8514,猫
8515,狗
8516,狗
8517,猫
8518,狗
8519,狗
8520,猫
8521,猫
8522,猫
8523,猫
8524,猫
8525,猫
8526,猫
8527,狗
8528,狗
8529,猫
8530,猫
8531,猫
8532,狗
8533,猫
8534,狗
8535,猫
8536,猫
8537,猫
8538,猫
8539,狗
8540,狗
8541,狗
8542,狗
8543,狗
8544,狗
8545,狗
8546,猫
8547,狗
8548,狗
8549,猫
8550,猫
8551,狗
8552,狗
8553,猫
8554,猫
8555,猫
8556,狗
8557,狗
8558,猫
8559,狗
8560,狗
8561,狗
8562,狗
8563,猫
8564,狗
8565,狗
8566,猫
8567,猫
8568,猫
8569,狗
8570,猫
8571,狗
8572,狗
8573,狗
8574,猫
8575,猫
8576,猫
8577,猫
8578,狗
8579,狗
8580,猫
8581,狗
8582,猫
8583,狗
8584,猫
8585,猫
8586,猫
8587,猫
8588,猫
8589,狗
8590,狗
8591,猫
8592,狗
8593,猫
8594,猫
8595,猫
8596,狗
8597,猫
8598,猫
8599,猫
8600,狗
8601,狗
8602,猫
8603,狗
8604,猫
8605,猫
8606,猫
8607,狗
8608,猫
8609,狗
8610,狗
8611,狗
8612,狗
8613,狗
8614,猫
8615,狗
8616,猫
8617,猫
8618,猫
8619,猫
8620,狗
8621,猫
8622,狗
8623,猫
8624,猫
8625,猫
8626,狗
8627,猫
8628,狗
8629,狗
8630,狗
8631,猫
8632,狗
8633,狗
8634,狗
8635,狗
8636,狗
8637,狗
8638,狗
8639,猫
8640,猫
8641,猫
8642,狗
8643,狗
8644,猫
8645,狗
8646,狗
8647,猫
8648,狗
8649,猫
8650,猫
8651,狗
8652,猫
8653,狗
8654,狗
8655,猫
8656,猫
8657,猫
8658,猫
8659,猫
8660,猫
8661,狗
8662,猫
8663,狗
8664,猫
8665,猫
8666,狗
8667,猫
8668,狗
8669,猫
8670,狗
8671,狗
8672,狗
8673,狗
8674,猫
8675,狗
8676,狗
8677,狗
8678,猫
8679,猫
8680,猫
8681,猫
8682,猫
8683,狗
8684,猫
8685,猫
8686,猫
8687,猫
8688,狗
8689,猫
8690,猫
8691,狗
8692,猫
8693,狗
8694,狗
8695,狗
8696,狗
8697,狗
8698,猫
8699,狗
8700,狗
8701,猫
8702,狗
8703,狗
8704,猫
8705,猫
8706,狗
8707,狗
8708,狗
8709,猫
8710,猫
8711,猫
8712,狗
8713,狗
8714,猫
8715,狗
8716,猫
8717,猫
8718,猫
8719,狗
8720,狗
8721,狗
8722,狗
8723,猫
8724,猫
8725,狗
8726,猫
8727,狗
8728,狗
8729,狗
8730,狗
8731,狗
8732,狗
8733,狗
8734,猫
8735,猫
8736,狗
8737,猫
8738,狗
8739,狗
8740,狗
8741,猫
8742,猫
8743,猫
8744,猫
8745,狗
8746,狗
8747,猫
8748,猫
8749,猫
8750,猫
8751,猫
8752,猫
8753,猫
8754,猫
8755,狗
8756,狗
8757,猫
8758,狗
8759,狗
8760,猫
8761,狗
8762,狗
8763,猫
8764,猫
8765,猫
8766,猫
8767,狗
8768,狗
8769,猫
8770,猫
8771,狗
8772,狗
8773,猫
8774,猫
8775,狗
8776,猫
8777,猫
8778,猫
8779,狗
8780,猫
8781,猫
8782,猫
8783,猫
8784,狗
8785,猫
8786,狗
8787,猫
8788,狗
8789,狗
8790,猫
8791,狗
8792,狗
8793,狗
8794,狗
8795,猫
8796,狗
8797,狗
8798,猫
8799,狗
8800,狗
8801,狗
8802,狗
8803,猫
8804,狗
8805,猫
8806,狗
8807,狗
8808,猫
8809,狗
8810,猫
8811,狗
8812,狗
8813,猫
8814,猫
8815,狗
8816,狗
8817,狗
8818,狗
8819,狗
8820,猫
8821,狗
8822,狗
8823,狗
8824,猫
8825,猫
8826,猫
8827,狗
8828,狗
8829,狗
8830,狗
8831,狗
8832,猫
8833,猫
8834,猫
8835,狗
8836,猫
8837,狗
8838,狗
8839,狗
8840,猫
8841,猫
8842,狗
8843,狗
8844,猫
8845,猫
8846,狗
8847,狗
8848,猫
8849,猫
8850,狗
8851,猫
8852,猫
8853,猫
8854,猫
8855,狗
8856,猫
8857,狗
8858,猫
8859,猫
8860,狗
8861,狗
8862,狗
8863,狗
8864,狗
8865,狗
8866,猫
8867,猫
8868,狗
8869,狗
8870,狗
8871,猫
8872,猫
8873,猫
8874,猫
8875,猫
8876,猫
8877,狗
8878,狗
8879,狗
8880,狗
8881,狗
8882,狗
8883,狗
8884,狗
8885,猫
8886,猫
8887,猫
8888,狗
8889,狗
8890,猫
8891,狗
8892,狗
8893,猫
8894,猫
8895,猫
8896,猫
8897,狗
8898,狗
8899,猫
8900,猫
8901,狗
8902,猫
8903,狗
8904,猫
8905,猫
8906,猫
8907,狗
8908,猫
8909,猫
8910,猫
8911,猫
8912,猫
8913,狗
8914,猫
8915,狗
8916,猫
8917,猫
8918,狗
8919,狗
8920,狗
8921,猫
8922,猫
8923,猫
8924,狗
8925,猫
8926,猫
8927,狗
8928,猫
8929,猫
8930,猫
8931,猫
8932,猫
8933,狗
8934,猫
8935,狗
8936,狗
8937,猫
8938,狗
8939,狗
8940,狗
8941,猫
8942,猫
8943,猫
8944,狗
8945,猫
8946,猫
8947,狗
8948,狗
8949,猫
8950,狗
8951,猫
8952,狗
8953,狗
8954,猫
8955,猫
8956,猫
8957,猫
8958,狗
8959,狗
8960,狗
8961,狗
8962,猫
8963,猫
8964,狗
8965,狗
8966,狗
8967,狗
8968,狗
8969,狗
8970,狗
8971,狗
8972,猫
8973,狗
8974,狗
8975,狗
8976,狗
8977,狗
8978,猫
8979,猫
8980,猫
8981,猫
8982,狗
8983,狗
8984,猫
8985,狗
8986,狗
8987,狗
8988,猫
8989,猫
8990,狗
8991,狗
8992,狗
8993,狗
8994,猫
8995,狗
8996,猫
8997,狗
8998,狗
8999,猫
9000,狗
9001,狗
9002,猫
9003,狗
9004,狗
9005,猫
9006,狗
9007,猫
9008,猫
9009,狗
9010,猫
9011,狗
9012,猫
9013,狗
9014,猫
9015,猫
9016,猫
9017,狗
9018,狗
9019,猫
9020,猫
9021,狗
9022,狗
9023,狗
9024,猫
9025,狗
9026,狗
9027,狗
9028,猫
9029,猫
9030,狗
9031,狗
9032,猫
9033,猫
9034,猫
9035,猫
9036,狗
9037,猫
9038,狗
9039,猫
9040,狗
9041,猫
9042,猫
9043,猫
9044,狗
9045,狗
9046,猫
9047,猫
9048,猫
9049,猫
9050,猫
9051,狗
9052,猫
9053,猫
9054,狗
9055,狗
9056,猫
9057,猫
9058,猫
9059,狗
9060,猫
9061,狗
9062,狗
9063,狗
9064,狗
9065,猫
9066,狗
9067,狗
9068,猫
9069,狗
9070,猫
9071,猫
9072,狗
9073,狗
9074,猫
9075,狗
9076,狗
9077,猫
9078,猫
9079,猫
9080,狗
9081,猫
9082,狗
9083,狗
9084,狗
9085,狗
9086,狗
9087,猫
9088,猫
9089,猫
9090,猫
9091,猫
9092,狗
9093,狗
9094,猫
9095,猫
9096,猫
9097,猫
9098,猫
9099,狗
9100,猫
9101,狗
9102,狗
9103,猫
9104,猫
9105,狗
9106,狗
9107,猫
9108,狗
9109,猫
9110,猫
9111,狗
9112,猫
9113,猫
9114,猫
9115,狗
9116,猫
9117,狗
9118,猫
9119,狗
9120,猫
9121,猫
9122,猫
9123,猫
9124,猫
9125,猫
9126,狗
9127,猫
9128,狗
9129,狗
9130,猫
9131,猫
9132,狗
9133,狗
9134,狗
9135,狗
9136,狗
9137,猫
9138,狗
9139,狗
9140,狗
9141,猫
9142,猫
9143,狗
9144,狗
9145,猫
9146,猫
9147,猫
9148,狗
9149,猫
9150,猫
9151,狗
9152,猫
9153,狗
9154,猫
9155,狗
9156,猫
9157,猫
9158,狗
9159,狗
9160,猫
9161,狗
9162,狗
9163,猫
9164,狗
9165,狗
9166,猫
9167,狗
9168,狗
9169,狗
9170,狗
9171,狗
9172,猫
9173,猫
9174,狗
9175,狗
9176,猫
9177,狗
9178,猫
9179,狗
9180,猫
9181,狗
9182,猫
9183,猫
9184,狗
9185,狗
9186,猫
9187,狗
9188,狗
9189,狗
9190,狗
9191,狗
9192,猫
9193,狗
9194,猫
9195,猫
9196,猫
9197,猫
9198,猫
9199,狗
9200,狗
9201,猫
9202,狗
9203,猫
9204,狗
9205,猫
9206,狗
9207,狗
9208,猫
9209,猫
9210,猫
9211,猫
9212,狗
9213,猫
9214,狗
9215,猫
9216,猫
9217,狗
9218,狗
9219,猫
9220,猫
9221,猫
9222,狗
9223,猫
9224,狗
9225,猫
9226,猫
9227,狗
9228,猫
9229,猫
9230,狗
9231,狗
9232,猫
9233,狗
9234,狗
9235,猫
9236,猫
9237,猫
9238,狗
9239,猫
9240,猫
9241,狗
9242,狗
9243,猫
9244,狗
9245,狗
9246,狗
9247,猫
9248,狗
9249,狗
9250,猫
9251,猫
9252,猫
9253,狗
9254,狗
9255,狗
9256,猫
9257,猫
9258,狗
9259,狗
9260,狗
9261,狗
9262,猫
9263,狗
9264,猫
9265,猫
9266,狗
9267,猫
9268,猫
9269,狗
9270,狗
9271,猫
9272,狗
9273,狗
9274,狗
9275,狗
9276,猫
9277,狗
9278,猫
9279,狗
9280,狗
9281,狗
9282,狗
9283,猫
9284,狗
9285,狗
9286,狗
9287,狗
9288,猫
9289,狗
9290,狗
9291,狗
9292,猫
9293,猫
9294,狗
9295,狗
9296,狗
9297,狗
9298,狗
9299,猫
9300,狗
9301,猫
9302,狗
9303,猫
9304,狗
9305,猫
9306,猫
9307,猫
9308,猫
9309,猫
9310,狗
9311,狗
9312,狗
9313,猫
9314,猫
9315,狗
9316,狗
9317,猫
9318,猫
9319,狗
9320,猫
9321,狗
9322,狗
9323,狗
9324,猫
9325,猫
9326,狗
9327,猫
9328,猫
9329,猫
9330,狗
9331,狗
9332,猫
9333,狗
9334,狗
9335,狗
9336,狗
9337,猫
9338,猫
9339,猫
9340,猫
9341,狗
9342,狗
9343,狗
9344,狗
9345,狗
9346,狗
9347,狗
9348,猫
9349,猫
9350,狗
9351,猫
9352,猫
9353,猫
9354,狗
9355,猫
9356,狗
9357,狗
9358,狗
9359,猫
9360,狗
9361,狗
9362,狗
9363,猫
9364,狗
9365,狗
9366,狗
9367,狗
9368,猫
9369,狗
9370,猫
9371,猫
9372,狗
9373,猫
9374,猫
9375,狗
9376,猫
9377,狗
9378,狗
9379,猫
9380,狗
9381,狗
9382,猫
9383,猫
9384,猫
9385,猫
9386,狗
9387,猫
9388,狗
9389,猫
9390,猫
9391,猫
9392,猫
9393,狗
9394,狗
9395,猫
9396,狗
9397,狗
9398,狗
9399,猫
9400,猫
9401,狗
9402,狗
9403,猫
9404,猫
9405,猫
9406,猫
9407,狗
9408,猫
9409,狗
9410,狗
9411,猫
9412,猫
9413,狗
9414,狗
9415,狗
9416,狗
9417,狗
9418,猫
9419,狗
9420,狗
9421,狗
9422,猫
9423,猫
9424,狗
9425,猫
9426,狗
9427,狗
9428,狗
9429,猫
9430,狗
9431,狗
9432,猫
9433,狗
9434,猫
9435,狗
9436,狗
9437,狗
9438,猫
9439,猫
9440,猫
9441,狗
9442,猫
9443,狗
9444,猫
9445,狗
9446,猫
9447,猫
9448,狗
9449,狗
9450,猫
9451,猫
9452,猫
9453,狗
9454,猫
9455,猫
9456,狗
9457,猫
9458,狗
9459,猫
9460,狗
9461,猫
9462,猫
9463,猫
9464,猫
9465,狗
9466,猫
9467,猫
9468,猫
9469,猫
9470,狗
9471,猫
9472,狗
9473,狗
9474,猫
9475,猫
9476,狗
9477,狗
9478,狗
9479,狗
9480,狗
9481,狗
9482,猫
9483,猫
9484,猫
9485,猫
9486,猫
9487,猫
9488,狗
9489,狗
9490,狗
9491,猫
9492,猫
9493,狗
9494,猫
9495,狗
9496,猫
9497,狗
9498,猫
9499,猫
9500,狗
9501,狗
9502,猫
9503,猫
9504,狗
9505,狗
9506,猫
9507,猫
9508,猫
9509,狗
9510,狗
9511,猫
9512,猫
9513,狗
9514,猫
9515,狗
9516,狗
9517,猫
9518,猫
9519,猫
9520,狗
9521,狗
9522,猫
9523,猫
9524,猫
9525,猫
9526,狗
9527,猫
9528,猫
9529,猫
9530,狗
9531,狗
9532,猫
9533,狗
9534,狗
9535,狗
9536,猫
9537,狗
9538,猫
9539,狗
9540,猫
9541,猫
9542,猫
9543,猫
9544,狗
9545,猫
9546,狗
9547,狗
9548,狗
9549,狗
9550,狗
9551,狗
9552,狗
9553,猫
9554,狗
9555,猫
9556,狗
9557,狗
9558,狗
9559,狗
9560,狗
9561,猫
9562,猫
9563,狗
9564,猫
9565,狗
9566,狗
9567,狗
9568,狗
9569,狗
9570,猫
9571,猫
9572,狗
9573,狗
9574,猫
9575,猫
9576,狗
9577,狗
9578,猫
9579,猫
9580,猫
9581,猫
9582,猫
9583,狗
9584,狗
9585,猫
9586,猫
9587,猫
9588,猫
9589,狗
9590,猫
9591,猫
9592,猫
9593,猫
9594,狗
9595,猫
9596,猫
9597,猫
9598,狗
9599,狗
9600,猫
9601,猫
9602,狗
9603,猫
9604,狗
9605,猫
9606,狗
9607,狗
9608,狗
9609,猫
9610,猫
9611,猫
9612,狗
9613,狗
9614,猫
9615,狗
9616,狗
9617,猫
9618,狗
9619,狗
9620,猫
9621,猫
9622,猫
9623,猫
9624,狗
9625,狗
9626,猫
9627,猫
9628,猫
9629,猫
9630,狗
9631,猫
9632,猫
9633,猫
9634,狗
9635,猫
9636,猫
9637,狗
9638,猫
9639,狗
9640,猫
9641,狗
9642,猫
9643,狗
9644,猫
9645,狗
9646,狗
9647,狗
9648,猫
9649,狗
9650,猫
9651,狗
9652,狗
9653,猫
9654,狗
9655,狗
9656,猫
9657,狗
9658,猫
9659,狗
9660,狗
9661,狗
9662,猫
9663,狗
9664,狗
9665,猫
9666,猫
9667,狗
9668,狗
9669,狗
9670,猫
9671,狗
9672,猫
9673,猫
9674,狗
9675,狗
9676,猫
9677,狗
9678,狗
9679,狗
9680,狗
9681,狗
9682,猫
9683,猫
9684,狗
9685,猫
9686,狗
9687,狗
9688,猫
9689,猫
9690,狗
9691,狗
9692,猫
9693,猫
9694,狗
9695,狗
9696,狗
9697,猫
9698,狗
9699,狗
9700,猫
9701,狗
9702,狗
9703,狗
9704,猫
9705,猫
9706,猫
9707,狗
9708,狗
9709,猫
9710,猫
9711,猫
9712,猫
9713,狗
9714,狗
9715,猫
9716,猫
9717,猫
9718,猫
9719,猫
9720,猫
9721,猫
9722,猫
9723,狗
9724,猫
9725,猫
9726,猫
9727,狗
9728,猫
9729,猫
9730,猫
9731,狗
9732,猫
9733,猫
9734,猫
9735,猫
9736,猫
9737,猫
9738,狗
9739,猫
9740,狗
9741,猫
9742,狗
9743,狗
9744,猫
9745,猫
9746,猫
9747,狗
9748,狗
9749,狗
9750,猫
9751,狗
9752,猫
9753,猫
9754,猫
9755,猫
9756,狗
9757,猫
9758,狗
9759,猫
9760,猫
9761,猫
9762,猫
9763,猫
9764,狗
9765,狗
9766,狗
9767,猫
9768,狗
9769,狗
9770,狗
9771,狗
9772,狗
9773,猫
9774,狗
9775,狗
9776,狗
9777,狗
9778,狗
9779,狗
9780,猫
9781,猫
9782,猫
9783,狗
9784,狗
9785,狗
9786,狗
9787,猫
9788,狗
9789,狗
9790,猫
9791,猫
9792,猫
9793,猫
9794,猫
9795,猫
9796,猫
9797,狗
9798,狗
9799,狗
9800,猫
9801,猫
9802,猫
9803,猫
9804,猫
9805,猫
9806,狗
9807,狗
9808,狗
9809,狗
9810,猫
9811,猫
9812,猫
9813,猫
9814,猫
9815,狗
9816,狗
9817,狗
9818,狗
9819,猫
9820,猫
9821,狗
9822,狗
9823,狗
9824,猫
9825,猫
9826,狗
9827,猫
9828,狗
9829,猫
9830,狗
9831,猫
9832,狗
9833,狗
9834,猫
9835,狗
9836,狗
9837,狗
9838,猫
9839,狗
9840,狗
9841,狗
9842,猫
9843,狗
9844,狗
9845,猫
9846,猫
9847,狗
9848,猫
9849,狗
9850,狗
9851,狗
9852,狗
9853,猫
9854,猫
9855,猫
9856,猫
9857,猫
9858,狗
9859,狗
9860,猫
9861,狗
9862,猫
9863,猫
9864,猫
9865,猫
9866,狗
9867,狗
9868,猫
9869,狗
9870,猫
9871,狗
9872,猫
9873,狗
9874,猫
9875,猫
9876,猫
9877,猫
9878,猫
9879,猫
9880,狗
9881,猫
9882,狗
9883,猫
9884,猫
9885,狗
9886,狗
9887,狗
9888,猫
9889,狗
9890,狗
9891,狗
9892,猫
9893,猫
9894,猫
9895,狗
9896,狗
9897,猫
9898,猫
9899,猫
9900,猫
9901,猫
9902,猫
9903,狗
9904,猫
9905,猫
9906,猫
9907,猫
9908,猫
9909,猫
9910,狗
9911,狗
9912,狗
9913,猫
9914,狗
9915,猫
9916,狗
9917,狗
9918,狗
9919,狗
9920,狗
9921,狗
9922,猫
9923,猫
9924,猫
9925,狗
9926,狗
9927,猫
9928,猫
9929,猫
9930,猫
9931,狗
9932,狗
9933,狗
9934,狗
9935,狗
9936,猫
9937,狗
9938,狗
9939,狗
9940,狗
9941,狗
9942,猫
9943,狗
9944,狗
9945,猫
9946,狗
9947,狗
9948,猫
9949,猫
9950,猫
9951,猫
9952,猫
9953,猫
9954,狗
9955,狗
9956,猫
9957,猫
9958,猫
9959,狗
9960,狗
9961,猫
9962,狗
9963,猫
9964,猫
9965,狗
9966,猫
9967,狗
9968,狗
9969,狗
9970,狗
9971,猫
9972,猫
9973,狗
9974,猫
9975,猫
9976,狗
9977,猫
9978,猫
9979,猫
9980,猫
9981,猫
9982,狗
9983,猫
9984,狗
9985,狗
9986,狗
9987,狗
9988,狗
9989,狗
9990,狗
9991,狗
9992,狗
9993,猫
9994,猫
9995,猫
9996,狗
9997,狗
9998,猫
9999,猫
10000,狗
10001,猫
10002,猫
10003,狗
10004,狗
10005,猫
10006,猫
10007,猫
10008,猫
10009,猫
10010,狗
10011,狗
10012,猫
10013,猫
10014,猫
10015,狗
10016,猫
10017,猫
10018,猫
10019,猫
10020,猫
10021,猫
10022,狗
10023,狗
10024,狗
10025,狗
10026,狗
10027,狗
10028,猫
10029,狗
10030,狗
10031,猫
10032,猫
10033,猫
10034,狗
10035,狗
10036,狗
10037,猫
10038,狗
10039,狗
10040,猫
10041,狗
10042,狗
10043,狗
10044,猫
10045,狗
10046,狗
10047,狗
10048,狗
10049,猫
10050,猫
10051,猫
10052,猫
10053,狗
10054,猫
10055,猫
10056,狗
10057,猫
10058,狗
10059,狗
10060,狗
10061,猫
10062,猫
10063,狗
10064,狗
10065,猫
10066,猫
10067,猫
10068,猫
10069,猫
10070,狗
10071,猫
10072,猫
10073,狗
10074,猫
10075,猫
10076,猫
10077,猫
10078,狗
10079,猫
10080,狗
10081,猫
10082,猫
10083,猫
10084,狗
10085,狗
10086,狗
10087,狗
10088,猫
10089,猫
10090,猫
10091,猫
10092,狗
10093,猫
10094,狗
10095,猫
10096,狗
10097,狗
10098,狗
10099,猫
10100,狗
10101,狗
10102,猫
10103,猫
10104,狗
10105,狗
10106,猫
10107,猫
10108,狗
10109,猫
10110,狗
10111,猫
10112,猫
10113,狗
10114,猫
10115,猫
10116,狗
10117,猫
10118,猫
10119,狗
10120,猫
10121,猫
10122,猫
10123,猫
10124,狗
10125,猫
10126,猫
10127,狗
10128,猫
10129,狗
10130,猫
10131,狗
10132,猫
10133,猫
10134,狗
10135,狗
10136,狗
10137,猫
10138,狗
10139,狗
10140,狗
10141,狗
10142,狗
10143,狗
10144,狗
10145,猫
10146,狗
10147,狗
10148,狗
10149,猫
10150,猫
10151,猫
10152,猫
10153,狗
10154,猫
10155,狗
10156,猫
10157,猫
10158,猫
10159,狗
10160,猫
10161,猫
10162,狗
10163,狗
10164,狗
10165,狗
10166,狗
10167,狗
10168,狗
10169,狗
10170,猫
10171,猫
10172,狗
10173,猫
10174,猫
10175,猫
10176,狗
10177,狗
10178,猫
10179,狗
10180,猫
10181,狗
10182,猫
10183,猫
10184,猫
10185,狗
10186,狗
10187,狗
10188,猫
10189,狗
10190,狗
10191,猫
10192,狗
10193,猫
10194,猫
10195,狗
10196,狗
10197,狗
10198,猫
10199,猫
10200,猫
10201,猫
10202,狗
10203,狗
10204,猫
10205,猫
10206,猫
10207,狗
10208,狗
10209,狗
10210,猫
10211,猫
10212,猫
10213,狗
10214,狗
10215,猫
10216,狗
10217,狗
10218,猫
10219,猫
10220,狗
10221,狗
10222,狗
10223,猫
10224,猫
10225,猫
10226,猫
10227,猫
10228,猫
10229,猫
10230,猫
10231,狗
10232,狗
10233,狗
10234,猫
10235,猫
10236,猫
10237,猫
10238,狗
10239,猫
10240,猫
10241,狗
10242,狗
10243,狗
10244,狗
10245,狗
10246,狗
10247,狗
10248,猫
10249,狗
10250,猫
10251,狗
10252,猫
10253,狗
10254,狗
10255,狗
10256,狗
10257,猫
10258,狗
10259,狗
10260,猫
10261,狗
10262,狗
10263,狗
10264,猫
10265,猫
10266,猫
10267,猫
10268,狗
10269,狗
10270,猫
10271,狗
10272,猫
10273,猫
10274,猫
10275,狗
10276,猫
10277,狗
10278,猫
10279,狗
10280,狗
10281,狗
10282,狗
10283,狗
10284,狗
10285,狗
10286,猫
10287,猫
10288,猫
10289,猫
10290,狗
10291,狗
10292,猫
10293,狗
10294,猫
10295,猫
10296,猫
10297,狗
10298,狗
10299,猫
10300,狗
10301,猫
10302,狗
10303,猫
10304,狗
10305,狗
10306,狗
10307,狗
10308,猫
10309,猫
10310,猫
10311,猫
10312,猫
10313,狗
10314,猫
10315,狗
10316,狗
10317,狗
10318,猫
10319,狗
10320,狗
10321,狗
10322,狗
10323,狗
10324,狗
10325,猫
10326,狗
10327,狗
10328,猫
10329,狗
10330,猫
10331,猫
10332,狗
10333,猫
10334,猫
10335,狗
10336,猫
10337,猫
10338,猫
10339,狗
10340,猫
10341,猫
10342,狗
10343,猫
10344,狗
10345,狗
10346,猫
10347,猫
10348,狗
10349,狗
10350,狗
10351,猫
10352,狗
10353,猫
10354,狗
10355,狗
10356,猫
10357,狗
10358,猫
10359,狗
10360,猫
10361,猫
10362,猫
10363,猫
10364,狗
10365,猫
10366,狗
10367,狗
10368,狗
10369,猫
10370,狗
10371,猫
10372,狗
10373,猫
10374,狗
10375,猫
10376,猫
10377,猫
10378,猫
10379,狗
10380,狗
10381,猫
10382,猫
10383,猫
10384,狗
10385,狗
10386,猫
10387,狗
10388,猫
10389,猫
10390,狗
10391,猫
10392,猫
10393,猫
10394,猫
10395,狗
10396,狗
10397,猫
10398,猫
10399,狗
10400,狗
10401,猫
10402,猫
10403,狗
10404,猫
10405,猫
10406,狗
10407,猫
10408,猫
10409,狗
10410,猫
10411,猫
10412,猫
10413,猫
10414,狗
10415,狗
10416,猫
10417,猫
10418,猫
10419,狗
10420,狗
10421,狗
10422,狗
10423,猫
10424,猫
10425,狗
10426,猫
10427,狗
10428,狗
10429,狗
10430,猫
10431,猫
10432,狗
10433,狗
10434,狗
10435,猫
10436,狗
10437,猫
10438,狗
10439,猫
10440,猫
10441,猫
10442,狗
10443,狗
10444,狗
10445,狗
10446,狗
10447,狗
10448,狗
10449,狗
10450,猫
10451,猫
10452,猫
10453,狗
10454,猫
10455,猫
10456,猫
10457,猫
10458,狗
10459,猫
10460,猫
10461,猫
10462,狗
10463,猫
10464,狗
10465,狗
10466,狗
10467,猫
10468,猫
10469,猫
10470,猫
10471,猫
10472,猫
10473,狗
10474,狗
10475,猫
10476,狗
10477,猫
10478,狗
10479,狗
10480,猫
10481,猫
10482,猫
10483,猫
10484,狗
10485,狗
10486,猫
10487,狗
10488,狗
10489,猫
10490,狗
10491,猫
10492,狗
10493,猫
10494,狗
10495,猫
10496,狗
10497,狗
10498,猫
10499,狗
10500,狗
10501,狗
10502,狗
10503,猫
10504,狗
10505,狗
10506,猫
10507,猫
10508,猫
10509,狗
10510,猫
10511,猫
10512,猫
10513,猫
10514,狗
10515,猫
10516,狗
10517,狗
10518,狗
10519,猫
10520,狗
10521,猫
10522,狗
10523,狗
10524,狗
10525,狗
10526,狗
10527,猫
10528,猫
10529,猫
10530,猫
10531,狗
10532,猫
10533,猫
10534,狗
10535,猫
10536,猫
10537,狗
10538,猫
10539,猫
10540,狗
10541,狗
10542,狗
10543,猫
10544,猫
10545,猫
10546,猫
10547,狗
10548,狗
10549,猫
10550,狗
10551,狗
10552,猫
10553,猫
10554,狗
10555,猫
10556,狗
10557,猫
10558,狗
10559,狗
10560,猫
10561,狗
10562,狗
10563,狗
10564,狗
10565,狗
10566,狗
10567,狗
10568,狗
10569,狗
10570,狗
10571,狗
10572,猫
10573,猫
10574,狗
10575,猫
10576,猫
10577,猫
10578,狗
10579,狗
10580,狗
10581,狗
10582,猫
10583,狗
10584,狗
10585,猫
10586,猫
10587,狗
10588,狗
10589,猫
10590,猫
10591,狗
10592,猫
10593,狗
10594,狗
10595,狗
10596,猫
10597,猫
10598,狗
10599,狗
10600,狗
10601,猫
10602,狗
10603,猫
10604,猫
10605,猫
10606,狗
10607,猫
10608,狗
10609,狗
10610,狗
10611,猫
10612,狗
10613,猫
10614,猫
10615,猫
10616,狗
10617,猫
10618,猫
10619,猫
10620,狗
10621,猫
10622,狗
10623,猫
10624,猫
10625,狗
10626,猫
10627,猫
10628,猫
10629,狗
10630,猫
10631,猫
10632,狗
10633,狗
10634,猫
10635,猫
10636,狗
10637,猫
10638,猫
10639,狗
10640,狗
10641,狗
10642,狗
10643,猫
10644,狗
10645,狗
10646,狗
10647,猫
10648,狗
10649,猫
10650,猫
10651,狗
10652,猫
10653,猫
10654,猫
10655,猫
10656,狗
10657,猫
10658,狗
10659,狗
10660,猫
10661,狗
10662,狗
10663,狗
10664,猫
10665,猫
10666,狗
10667,狗
10668,猫
10669,猫
10670,猫
10671,猫
10672,猫
10673,狗
10674,猫
10675,猫
10676,猫
10677,猫
10678,猫
10679,猫
10680,狗
10681,猫
10682,猫
10683,狗
10684,狗
10685,猫
10686,猫
10687,猫
10688,狗
10689,狗
10690,猫
10691,猫
10692,狗
10693,猫
10694,猫
10695,狗
10696,狗
10697,狗
10698,猫
10699,狗
10700,猫
10701,狗
10702,狗
10703,猫
10704,猫
10705,狗
10706,狗
10707,狗
10708,猫
10709,狗
10710,狗
10711,猫
10712,狗
10713,猫
10714,狗
10715,狗
10716,猫
10717,狗
10718,猫
10719,狗
10720,狗
10721,猫
10722,猫
10723,狗
10724,狗
10725,狗
10726,猫
10727,猫
10728,猫
10729,猫
10730,狗
10731,狗
10732,猫
10733,狗
10734,猫
10735,猫
10736,狗
10737,猫
10738,狗
10739,狗
10740,猫
10741,猫
10742,狗
10743,狗
10744,狗
10745,猫
10746,猫
10747,猫
10748,猫
10749,猫
10750,狗
10751,猫
10752,狗
10753,狗
10754,猫
10755,狗
10756,狗
10757,猫
10758,狗
10759,猫
10760,猫
10761,猫
10762,猫
10763,猫
10764,猫
10765,狗
10766,狗
10767,狗
10768,狗
10769,狗
10770,狗
10771,狗
10772,狗
10773,狗
10774,猫
10775,猫
10776,猫
10777,狗
10778,猫
10779,猫
10780,猫
10781,猫
10782,狗
10783,猫
10784,猫
10785,狗
10786,猫
10787,狗
10788,狗
10789,猫
10790,猫
10791,猫
10792,猫
10793,猫
10794,狗
10795,狗
10796,猫
10797,猫
10798,狗
10799,猫
10800,猫
10801,狗
10802,猫
10803,猫
10804,狗
10805,猫
10806,狗
10807,猫
10808,狗
10809,猫
10810,猫
10811,狗
10812,猫
10813,猫
10814,猫
10815,狗
10816,猫
10817,猫
10818,猫
10819,猫
10820,狗
10821,狗
10822,猫
10823,猫
10824,猫
10825,狗
10826,狗
10827,猫
10828,猫
10829,狗
10830,猫
10831,狗
10832,狗
10833,猫
10834,猫
10835,猫
10836,猫
10837,猫
10838,狗
10839,猫
10840,猫
10841,猫
10842,猫
10843,猫
10844,狗
10845,狗
10846,猫
10847,狗
10848,狗
10849,猫
10850,猫
10851,狗
10852,狗
10853,狗
10854,狗
10855,狗
10856,猫
10857,狗
10858,狗
10859,狗
10860,猫
10861,狗
10862,猫
10863,狗
10864,狗
10865,猫
10866,狗
10867,猫
10868,猫
10869,狗
10870,猫
10871,猫
10872,狗
10873,猫
10874,猫
10875,狗
10876,狗
10877,猫
10878,猫
10879,狗
10880,猫
10881,狗
10882,狗
10883,狗
10884,猫
10885,猫
10886,猫
10887,猫
10888,狗
10889,猫
10890,猫
10891,猫
10892,狗
10893,猫
10894,猫
10895,狗
10896,狗
10897,狗
10898,狗
10899,狗
10900,狗
10901,猫
10902,狗
10903,狗
10904,狗
10905,狗
10906,猫
10907,狗
10908,猫
10909,狗
10910,猫
10911,狗
10912,狗
10913,猫
10914,狗
10915,猫
10916,狗
10917,猫
10918,猫
10919,狗
10920,狗
10921,猫
10922,猫
10923,猫
10924,狗
10925,狗
10926,狗
10927,猫
10928,猫
10929,狗
10930,狗
10931,猫
10932,狗
10933,猫
10934,猫
10935,狗
10936,狗
10937,狗
10938,猫
10939,猫
10940,狗
10941,猫
10942,猫
10943,猫
10944,猫
10945,猫
10946,狗
10947,猫
10948,狗
10949,猫
10950,猫
10951,狗
10952,狗
10953,猫
10954,狗
10955,猫
10956,猫
10957,狗
10958,猫
10959,狗
10960,猫
10961,狗
10962,狗
10963,狗
10964,猫
10965,猫
10966,狗
10967,猫
10968,狗
10969,猫
10970,猫
10971,猫
10972,猫
10973,狗
10974,狗
10975,猫
10976,狗
10977,猫
10978,猫
10979,狗
10980,猫
10981,狗
10982,狗
10983,狗
10984,狗
10985,狗
10986,猫
10987,猫
10988,猫
10989,猫
10990,狗
10991,猫
10992,猫
10993,狗
10994,狗
10995,猫
10996,狗
10997,猫
10998,狗
10999,猫
11000,猫
11001,狗
11002,狗
11003,猫
11004,猫
11005,狗
11006,狗
11007,狗
11008,猫
11009,猫
11010,狗
11011,狗
11012,狗
11013,狗
11014,狗
11015,狗
11016,狗
11017,猫
11018,猫
11019,狗
11020,狗
11021,狗
11022,猫
11023,狗
11024,狗
11025,猫
11026,猫
11027,狗
11028,猫
11029,狗
11030,狗
11031,猫
11032,猫
11033,狗
11034,狗
11035,狗
11036,狗
11037,狗
11038,猫
11039,猫
11040,猫
11041,狗
11042,猫
11043,狗
11044,狗
11045,猫
11046,狗
11047,狗
11048,狗
11049,猫
11050,狗
11051,狗
11052,猫
11053,狗
11054,狗
11055,猫
11056,猫
11057,狗
11058,猫
11059,猫
11060,猫
11061,猫
11062,狗
11063,狗
11064,猫
11065,狗
11066,狗
11067,猫
11068,猫
11069,狗
11070,狗
11071,狗
11072,猫
11073,猫
11074,猫
11075,猫
11076,猫
11077,猫
11078,猫
11079,狗
11080,狗
11081,狗
11082,猫
11083,狗
11084,狗
11085,狗
11086,猫
11087,猫
11088,猫
11089,狗
11090,狗
11091,猫
11092,狗
11093,狗
11094,猫
11095,狗
11096,狗
11097,狗
11098,猫
11099,猫
11100,狗
11101,狗
11102,猫
11103,猫
11104,狗
11105,猫
11106,猫
11107,狗
11108,猫
11109,猫
11110,猫
11111,狗
11112,狗
11113,猫
11114,狗
11115,猫
11116,狗
11117,狗
11118,猫
11119,猫
11120,猫
11121,猫
11122,猫
11123,狗
11124,猫
11125,狗
11126,狗
11127,猫
11128,狗
11129,猫
11130,猫
11131,猫
11132,狗
11133,狗
11134,狗
11135,猫
11136,猫
11137,猫
11138,狗
11139,狗
11140,狗
11141,狗
11142,猫
11143,狗
11144,猫
11145,狗
11146,狗
11147,狗
11148,狗
11149,狗
11150,猫
11151,狗
11152,狗
11153,狗
11154,狗
11155,狗
11156,猫
11157,狗
11158,猫
11159,狗
11160,猫
11161,狗
11162,猫
11163,猫
11164,狗
11165,狗
11166,猫
11167,猫
11168,猫
11169,狗
11170,狗
11171,猫
11172,猫
11173,狗
11174,狗
11175,狗
11176,狗
11177,猫
11178,狗
11179,猫
11180,狗
11181,狗
11182,狗
11183,猫
11184,猫
11185,猫
11186,猫
11187,猫
11188,狗
11189,狗
11190,猫
11191,狗
11192,猫
11193,狗
11194,狗
11195,狗
11196,猫
11197,猫
11198,猫
11199,猫
11200,猫
11201,狗
11202,狗
11203,猫
11204,狗
11205,狗
11206,猫
11207,猫
11208,狗
11209,猫
11210,狗
11211,狗
11212,狗
11213,狗
11214,猫
11215,猫
11216,猫
11217,狗
11218,狗
11219,猫
11220,猫
11221,猫
11222,狗
11223,猫
11224,狗
11225,猫
11226,猫
11227,狗
11228,猫
11229,狗
11230,狗
11231,狗
11232,狗
11233,猫
11234,猫
11235,狗
11236,猫
11237,狗
11238,狗
11239,狗
11240,猫
11241,狗
11242,狗
11243,猫
11244,狗
11245,猫
11246,猫
11247,狗
11248,狗
11249,狗
11250,狗
11251,狗
11252,猫
11253,狗
11254,狗
11255,狗
11256,猫
11257,猫
11258,狗
11259,猫
11260,猫
11261,狗
11262,狗
11263,猫
11264,猫
11265,狗
11266,猫
11267,猫
11268,狗
11269,狗
11270,猫
11271,猫
11272,狗
11273,狗
11274,狗
11275,猫
11276,猫
11277,狗
11278,狗
11279,狗
11280,猫
11281,狗
11282,狗
11283,狗
11284,狗
11285,猫
11286,狗
11287,猫
11288,猫
11289,猫
11290,狗
11291,猫
11292,狗
11293,狗
11294,狗
11295,猫
11296,狗
11297,狗
11298,猫
11299,猫
11300,狗
11301,猫
11302,狗
11303,狗
11304,狗
11305,狗
11306,狗
11307,狗
11308,狗
11309,狗
11310,狗
11311,狗
11312,狗
11313,猫
11314,狗
11315,猫
11316,狗
11317,猫
11318,猫
11319,狗
11320,狗
11321,狗
11322,狗
11323,猫
11324,猫
11325,猫
11326,狗
11327,狗
11328,猫
11329,狗
11330,猫
11331,狗
11332,狗
11333,狗
11334,狗
11335,狗
11336,猫
11337,狗
11338,猫
11339,狗
11340,狗
11341,狗
11342,猫
11343,狗
11344,狗
11345,猫
11346,狗
11347,狗
11348,狗
11349,狗
11350,猫
11351,猫
11352,狗
11353,猫
11354,猫
11355,猫
11356,狗
11357,狗
11358,狗
11359,猫
11360,狗
11361,猫
11362,猫
11363,狗
11364,猫
11365,猫
11366,狗
11367,猫
11368,猫
11369,猫
11370,狗
11371,狗
11372,猫
11373,猫
11374,猫
11375,猫
11376,猫
11377,猫
11378,狗
11379,狗
11380,狗
11381,猫
11382,狗
11383,狗
11384,猫
11385,狗
11386,狗
11387,狗
11388,猫
11389,猫
11390,猫
11391,狗
11392,猫
11393,猫
11394,狗
11395,狗
11396,猫
11397,猫
11398,狗
11399,狗
11400,狗
11401,猫
11402,狗
11403,猫
11404,猫
11405,猫
11406,狗
11407,猫
11408,狗
11409,猫
11410,猫
11411,狗
11412,狗
11413,猫
11414,猫
11415,猫
11416,狗
11417,狗
11418,猫
11419,狗
11420,狗
11421,猫
11422,狗
11423,狗
11424,猫
11425,狗
11426,狗
11427,狗
11428,狗
11429,狗
11430,狗
11431,猫
11432,猫
11433,猫
11434,猫
11435,狗
11436,狗
11437,狗
11438,狗
11439,狗
11440,猫
11441,狗
11442,狗
11443,狗
11444,猫
11445,狗
11446,猫
11447,猫
11448,狗
11449,狗
11450,猫
11451,狗
11452,狗
11453,狗
11454,狗
11455,猫
11456,猫
11457,猫
11458,狗
11459,狗
11460,猫
11461,狗
11462,猫
11463,猫
11464,狗
11465,猫
11466,猫
11467,猫
11468,狗
11469,狗
11470,狗
11471,猫
11472,狗
11473,狗
11474,猫
11475,猫
11476,猫
11477,猫
11478,狗
11479,猫
11480,猫
11481,猫
11482,狗
11483,狗
11484,猫
11485,猫
11486,狗
11487,狗
11488,狗
11489,猫
11490,狗
11491,猫
11492,猫
11493,猫
11494,狗
11495,猫
11496,狗
11497,狗
11498,猫
11499,猫
11500,猫
11501,猫
11502,狗
11503,狗
11504,猫
11505,猫
11506,狗
11507,狗
11508,猫
11509,猫
11510,狗
11511,猫
11512,狗
11513,狗
11514,狗
11515,狗
11516,狗
11517,猫
11518,猫
11519,狗
11520,狗
11521,狗
11522,狗
11523,猫
11524,猫
11525,猫
11526,狗
11527,狗
11528,猫
11529,猫
11530,狗
11531,猫
11532,猫
11533,狗
11534,猫
11535,狗
11536,狗
11537,狗
11538,猫
11539,狗
11540,猫
11541,狗
11542,狗
11543,猫
11544,猫
11545,猫
11546,猫
11547,猫
11548,狗
11549,猫
11550,狗
11551,猫
11552,狗
11553,狗
11554,狗
11555,狗
11556,猫
11557,猫
11558,狗
11559,猫
11560,猫
11561,狗
11562,狗
11563,猫
11564,猫
11565,猫
11566,猫
11567,狗
11568,猫
11569,狗
11570,猫
11571,狗
11572,猫
11573,猫
11574,猫
11575,狗
11576,狗
11577,猫
11578,猫
11579,狗
11580,狗
11581,猫
11582,猫
11583,猫
11584,狗
11585,狗
11586,狗
11587,猫
11588,猫
11589,狗
11590,猫
11591,猫
11592,猫
11593,狗
11594,猫
11595,猫
11596,猫
11597,猫
11598,狗
11599,猫
11600,狗
11601,狗
11602,狗
11603,狗
11604,狗
11605,狗
11606,猫
11607,猫
11608,猫
11609,猫
11610,猫
11611,猫
11612,猫
11613,狗
11614,猫
11615,猫
11616,猫
11617,狗
11618,猫
11619,猫
11620,猫
11621,猫
11622,猫
11623,狗
11624,猫
11625,狗
11626,狗
11627,狗
11628,狗
11629,狗
11630,狗
11631,猫
11632,猫
11633,猫
11634,猫
11635,狗
11636,猫
11637,猫
11638,猫
11639,猫
11640,狗
11641,猫
11642,狗
11643,狗
11644,猫
11645,狗
11646,狗
11647,狗
11648,狗
11649,狗
11650,狗
11651,狗
11652,猫
11653,猫
11654,狗
11655,狗
11656,狗
11657,猫
11658,猫
11659,猫
11660,狗
11661,猫
11662,猫
11663,狗
11664,猫
11665,狗
11666,猫
11667,猫
11668,猫
11669,狗
11670,狗
11671,狗
11672,猫
11673,狗
11674,狗
11675,猫
11676,猫
11677,狗
11678,猫
11679,猫
11680,猫
11681,狗
11682,猫
11683,狗
11684,猫
11685,猫
11686,狗
11687,猫
11688,狗
11689,猫
11690,狗
11691,猫
11692,猫
11693,猫
11694,狗
11695,猫
11696,狗
11697,狗
11698,猫
11699,狗
11700,猫
11701,猫
11702,猫
11703,猫
11704,猫
11705,狗
11706,狗
11707,狗
11708,猫
11709,狗
11710,猫
11711,狗
11712,猫
11713,狗
11714,猫
11715,狗
11716,狗
11717,狗
11718,狗
11719,猫
11720,狗
11721,猫
11722,猫
11723,狗
11724,猫
11725,狗
11726,猫
11727,猫
11728,猫
11729,狗
11730,猫
11731,狗
11732,狗
11733,狗
11734,猫
11735,狗
11736,猫
11737,猫
11738,猫
11739,猫
11740,狗
11741,猫
11742,猫
11743,猫
11744,猫
11745,猫
11746,猫
11747,猫
11748,猫
11749,狗
11750,猫
11751,猫
11752,狗
11753,狗
11754,猫
11755,猫
11756,狗
11757,狗
11758,狗
11759,狗
11760,狗
11761,狗
11762,狗
11763,狗
11764,狗
11765,狗
11766,狗
11767,狗
11768,猫
11769,猫
11770,狗
11771,猫
11772,猫
11773,狗
11774,猫
11775,狗
11776,狗
11777,猫
11778,狗
11779,猫
11780,狗
11781,狗
11782,狗
11783,猫
11784,猫
11785,狗
11786,猫
11787,狗
11788,猫
11789,狗
11790,狗
11791,狗
11792,狗
11793,猫
11794,猫
11795,狗
11796,猫
11797,猫
11798,猫
11799,狗
11800,猫
11801,狗
11802,狗
11803,猫
11804,狗
11805,狗
11806,狗
11807,猫
11808,猫
11809,狗
11810,狗
11811,猫
11812,狗
11813,猫
11814,狗
11815,狗
11816,狗
11817,猫
11818,猫
11819,猫
11820,猫
11821,狗
11822,狗
11823,狗
11824,猫
11825,狗
11826,猫
11827,狗
11828,狗
11829,狗
11830,猫
11831,狗
11832,狗
11833,狗
11834,猫
11835,狗
11836,狗
11837,猫
11838,狗
11839,狗
11840,狗
11841,狗
11842,猫
11843,狗
11844,狗
11845,猫
11846,狗
11847,猫
11848,猫
11849,狗
11850,狗
11851,猫
11852,狗
11853,猫
11854,猫
11855,狗
11856,猫
11857,猫
11858,猫
11859,猫
11860,猫
11861,狗
11862,狗
11863,狗
11864,猫
11865,猫
11866,狗
11867,狗
11868,猫
11869,狗
11870,狗
11871,狗
11872,猫
11873,猫
11874,狗
11875,猫
11876,猫
11877,狗
11878,狗
11879,狗
11880,猫
11881,猫
11882,狗
11883,狗
11884,猫
11885,猫
11886,狗
11887,猫
11888,猫
11889,猫
11890,猫
11891,猫
11892,狗
11893,猫
11894,狗
11895,狗
11896,猫
11897,狗
11898,猫
11899,猫
11900,猫
11901,猫
11902,狗
11903,猫
11904,狗
11905,猫
11906,狗
11907,狗
11908,猫
11909,猫
11910,狗
11911,猫
11912,狗
11913,猫
11914,猫
11915,狗
11916,猫
11917,狗
11918,狗
11919,猫
11920,狗
11921,狗
11922,狗
11923,狗
11924,猫
11925,猫
11926,狗
11927,狗
11928,狗
11929,狗
11930,猫
11931,猫
11932,狗
11933,猫
11934,狗
11935,狗
11936,猫
11937,猫
11938,狗
11939,猫
11940,狗
11941,狗
11942,猫
11943,猫
11944,狗
11945,猫
11946,狗
11947,猫
11948,猫
11949,猫
11950,猫
11951,狗
11952,狗
11953,狗
11954,狗
11955,狗
11956,狗
11957,狗
11958,狗
11959,猫
11960,狗
11961,狗
11962,猫
11963,狗
11964,狗
11965,猫
11966,猫
11967,狗
11968,猫
11969,狗
11970,狗
11971,猫
11972,狗
11973,猫
11974,猫
11975,狗
11976,猫
11977,狗
11978,狗
11979,狗
11980,狗
11981,猫
11982,狗
11983,猫
11984,狗
11985,狗
11986,狗
11987,狗
11988,猫
11989,猫
11990,狗
11991,猫
11992,猫
11993,猫
11994,猫
11995,猫
11996,猫
11997,狗
11998,狗
11999,狗
12000,猫
12001,狗
12002,猫
12003,猫
12004,猫
12005,狗
12006,狗
12007,猫
12008,猫
12009,狗
12010,狗
12011,狗
12012,狗
12013,狗
12014,狗
12015,狗
12016,猫
12017,狗
12018,猫
12019,猫
12020,猫
12021,狗
12022,狗
12023,狗
12024,狗
12025,猫
12026,狗
12027,猫
12028,狗
12029,猫
12030,猫
12031,猫
12032,猫
12033,狗
12034,猫
12035,狗
12036,猫
12037,狗
12038,狗
12039,狗
12040,狗
12041,狗
12042,猫
12043,猫
12044,猫
12045,猫
12046,狗
12047,猫
12048,狗
12049,猫
12050,猫
12051,狗
12052,狗
12053,猫
12054,狗
12055,狗
12056,狗
12057,狗
12058,猫
12059,猫
12060,狗
12061,狗
12062,狗
12063,猫
12064,狗
12065,猫
12066,猫
12067,猫
12068,猫
12069,猫
12070,猫
12071,猫
12072,猫
12073,狗
12074,狗
12075,狗
12076,狗
12077,猫
12078,猫
12079,狗
12080,狗
12081,猫
12082,狗
12083,猫
12084,猫
12085,猫
12086,狗
12087,狗
12088,狗
12089,猫
12090,狗
12091,猫
12092,狗
12093,猫
12094,狗
12095,狗
12096,狗
12097,猫
12098,狗
12099,狗
12100,猫
12101,猫
12102,猫
12103,猫
12104,猫
12105,猫
12106,猫
12107,狗
12108,狗
12109,狗
12110,猫
12111,狗
12112,狗
12113,狗
12114,狗
12115,猫
12116,猫
12117,狗
12118,猫
12119,猫
12120,狗
12121,猫
12122,狗
12123,猫
12124,猫
12125,猫
12126,狗
12127,猫
12128,猫
12129,猫
12130,猫
12131,狗
12132,狗
12133,狗
12134,猫
12135,猫
12136,猫
12137,猫
12138,猫
12139,狗
12140,猫
12141,狗
12142,猫
12143,狗
12144,猫
12145,狗
12146,狗
12147,狗
12148,猫
12149,狗
12150,狗
12151,猫
12152,猫
12153,狗
12154,猫
12155,狗
12156,狗
12157,狗
12158,狗
12159,猫
12160,狗
12161,猫
12162,猫
12163,狗
12164,猫
12165,狗
12166,猫
12167,狗
12168,猫
12169,猫
12170,狗
12171,猫
12172,狗
12173,猫
12174,狗
12175,狗
12176,猫
12177,狗
12178,狗
12179,狗
12180,狗
12181,猫
12182,狗
12183,狗
12184,狗
12185,狗
12186,狗
12187,猫
12188,狗
12189,猫
12190,猫
12191,狗
12192,狗
12193,猫
12194,猫
12195,猫
12196,狗
12197,猫
12198,猫
12199,狗
12200,狗
12201,猫
12202,猫
12203,猫
12204,猫
12205,猫
12206,狗
12207,狗
12208,狗
12209,猫
12210,猫
12211,猫
12212,猫
12213,狗
12214,猫
12215,猫
12216,猫
12217,猫
12218,猫
12219,狗
12220,猫
12221,猫
12222,狗
12223,猫
12224,猫
12225,狗
12226,狗
12227,猫
12228,狗
12229,狗
12230,狗
12231,猫
12232,狗
12233,狗
12234,狗
12235,狗
12236,猫
12237,狗
12238,狗
12239,猫
12240,猫
12241,猫
12242,猫
12243,猫
12244,猫
12245,猫
12246,狗
12247,狗
12248,狗
12249,狗
12250,猫
12251,猫
12252,猫
12253,狗
12254,狗
12255,猫
12256,狗
12257,猫
12258,猫
12259,狗
12260,狗
12261,猫
12262,狗
12263,狗
12264,狗
12265,猫
12266,狗
12267,狗
12268,狗
12269,狗
12270,狗
12271,猫
12272,猫
12273,狗
12274,猫
12275,狗
12276,猫
12277,狗
12278,狗
12279,狗
12280,猫
12281,狗
12282,狗
12283,猫
12284,狗
12285,猫
12286,猫
12287,狗
12288,猫
12289,狗
12290,狗
12291,狗
12292,狗
12293,狗
12294,狗
12295,猫
12296,猫
12297,猫
12298,狗
12299,猫
12300,狗
12301,猫
12302,猫
12303,狗
12304,狗
12305,狗
12306,猫
12307,狗
12308,猫
12309,猫
12310,猫
12311,狗
12312,猫
12313,狗
12314,狗
12315,狗
12316,狗
12317,猫
12318,狗
12319,猫
12320,狗
12321,狗
12322,狗
12323,狗
12324,猫
12325,猫
12326,猫
12327,猫
12328,狗
12329,狗
12330,狗
12331,猫
12332,狗
12333,狗
12334,猫
12335,猫
12336,猫
12337,狗
12338,猫
12339,猫
12340,猫
12341,狗
12342,狗
12343,猫
12344,猫
12345,猫
12346,猫
12347,猫
12348,狗
12349,猫
12350,狗
12351,猫
12352,狗
12353,猫
12354,狗
12355,猫
12356,猫
12357,狗
12358,猫
12359,狗
12360,狗
12361,狗
12362,狗
12363,猫
12364,狗
12365,狗
12366,狗
12367,狗
12368,猫
12369,狗
12370,猫
12371,狗
12372,猫
12373,猫
12374,猫
12375,狗
12376,狗
12377,狗
12378,狗
12379,狗
12380,狗
12381,狗
12382,狗
12383,狗
12384,猫
12385,狗
12386,狗
12387,猫
12388,猫
12389,猫
12390,猫
12391,狗
12392,狗
12393,狗
12394,猫
12395,猫
12396,猫
12397,猫
12398,猫
12399,猫
12400,狗
12401,狗
12402,猫
12403,狗
12404,猫
12405,猫
12406,猫
12407,狗
12408,猫
12409,狗
12410,猫
12411,狗
12412,狗
12413,猫
12414,狗
12415,猫
12416,狗
12417,猫
12418,猫
12419,猫
12420,猫
12421,狗
12422,狗
12423,猫
12424,猫
12425,狗
12426,猫
12427,狗
12428,猫
12429,狗
12430,狗
12431,狗
12432,狗
12433,狗
12434,狗
12435,狗
12436,狗
12437,狗
12438,狗
12439,狗
12440,狗
12441,猫
12442,猫
12443,狗
12444,狗
12445,猫
12446,猫
12447,狗
12448,狗
12449,猫
12450,猫
12451,猫
12452,狗
12453,猫
12454,猫
12455,猫
12456,狗
12457,猫
12458,猫
12459,狗
12460,狗
12461,狗
12462,猫
12463,狗
12464,狗
12465,猫
12466,猫
12467,猫
12468,猫
12469,猫
12470,狗
12471,狗
12472,狗
12473,猫
12474,猫
12475,猫
12476,狗
12477,狗
12478,狗
12479,猫
12480,猫
12481,猫
12482,猫
12483,猫
12484,狗
12485,猫
12486,狗
12487,狗
12488,狗
12489,狗
12490,狗
12491,狗
12492,狗
12493,狗
12494,狗
12495,猫
12496,猫
12497,猫
12498,狗
12499,狗
12500,猫
